Rank,Term name,P-value,Z-score,Combined score,Overlapping genes,Adjusted p-value,Old p-value,Old adjusted p-value,gene count
1,UV Response Dn,0.1747766211081962,6.214285714285714,10.839246549762704,['AMPH'],0.4033638741532538,0,0,1
2,Myogenesis,0.2137399085361881,4.819444444444445,7.4363805302890436,['APOD'],0.4033638741532538,0,0,1
3,Apical Junction,0.2509669051884718,3.9318181818181817,5.43547992423052,['TNFRSF11B'],0.4033638741532538,0,0,1
4,Complement,0.3037101897814714,3.075892857142857,3.6654841689564237,['HPCAL4'],0.4033638741532538,0,0,1
5,p53 Pathway,0.3369084847910826,2.68359375,2.9195995684469898,['GLS2'],0.4033638741532538,0,0,1
6,Apoptosis,0.3369084847910826,2.68359375,2.9195995684469898,['PAK1'],0.4033638741532538,0,0,1
7,KRAS Signaling Up,0.3529433898840971,2.5220588235294117,2.6265921176748224,['APOD'],0.4033638741532538,0,0,1
8,Epithelial Mesenchymal Transition,0.4135057539940133,2.0297619047619047,1.7924499559647897,['TNFRSF11B'],0.4135057539940133,0,0,1
