Rank,Term name,P-value,Z-score,Combined score,Overlapping genes,Adjusted p-value,Old p-value,Old adjusted p-value,gene count
1,Herpes simplex virus 1 infection,0.024998591098705315,9.912832929782082,36.567804390605325,"['CD74', 'ZNF267']",0.07168425215711757,0,0,2
2,Antigen processing and presentation,0.028673700862847026,39.76136363636363,141.22341425045335,['CD74'],0.07168425215711757,0,0,1
3,Tuberculosis,0.07031487700958756,15.544642857142858,41.267480754162996,['CD74'],0.11719146168264595,0,0,1
4,Amyotrophic lateral sclerosis,0.19367887850993676,5.182459677419355,8.507286152916372,['NEFH'],0.24209859813742096,0,0,1
5,Pathways of neurodegeneration,0.24240913447722034,4.001175548589342,5.670179271263765,['NEFH'],0.24240913447722034,0,0,1
