"Term.name","P.value","Z.score","Combined.score","Overlapping.genes","Adjusted.p.value","Old.p.value","Old.adjusted.p.value","gene.count","TF_NAME","FDR","cycling_in_CTL_BHQ","cycling_in_AD_BHQ","DR_AR1_BHQ","DR_AR1_mthd2_BHQ","DR_logAmpRatio","diff_mesor","DEseq_DE_BHQ"
"RFX5",0.0118966411159225,101.125,448.135354362452,"['CD74']",0.0475865644636901,0,0,1,"RFX5",0.0475865644636901,2.74292497856261e-10,8.10708441051652e-09,0.735943358549628,0.73604346991408,0.315420713179113,0.545461600122586,0.790868736407654
"NFYA",0.0261733951574688,43.75,159.381767831159,"['CD74']",0.0523467903149377,0,0,1,"NFYA",0.0523467903149377,0.775960584444909,0.556285015749876,NA,NA,NA,0.541937904052692,0.101552276930383
"CREB1",0.0751079640647421,14.5,37.5380158556427,"['CD74']",0.100143952086323,0,0,1,"CREB1",0.100143952086323,0.203842840058736,0.164067012684051,NA,NA,NA,0.438563819938428,0.694495446885467
"ESR2",0.180174708364801,5.62281659388646,9.63654218629016,"['NEFH']",0.180174708364801,0,0,1,"ESR2",0.180174708364801,0.0229584522941577,0.000452765461234045,0.559070884624173,0.558290839809761,0.762765792734755,0.84541352720504,0.428400896345096
