Rank,Term name,P-value,Z-score,Combined score,Overlapping genes,Adjusted p-value,Old p-value,Old adjusted p-value,gene count
1,Interferon Alpha Response,0.03779274433975018,29.789772727272727,97.5805158306067,['CD74'],0.07749626037862901,0,0,1
2,Spermatogenesis,0.054178053057426595,20.44140625,59.59649837266611,['NEFH'],0.07749626037862901,0,0,1
3,Allograft Rejection,0.0606624151701113,18.15625,50.881637165481386,['CD74'],0.07749626037862901,0,0,1
4,Interferon Gamma Response,0.07590467278467207,14.339285714285714,36.970651004687625,['CD74'],0.07749626037862901,0,0,1
5,Apoptosis,0.07749626037862901,14.028225806451612,35.87754658001955,['NEFH'],0.07749626037862901,0,0,1
