"Term.name","P.value","Z.score","Combined.score","Overlapping.genes","Adjusted.p.value","Old.p.value","Old.adjusted.p.value","gene.count","TF_NAME","FDR","cycling_in_CTL_BHQ","cycling_in_AD_BHQ","DR_AR1_BHQ","DR_AR1_mthd2_BHQ","DR_logAmpRatio","diff_mesor_BHQ","edgeR_DE_BHQ","cycling_PRTN_CTL_BHQ","cycling_PRTN_AD_BHQ","DR_PRTN_BHQ","DM_PRTN_BHQ"
"ERG",0.00954980407572895,218.842105263158,1017.88598076284,"['NME1']",0.0206763738893541,0,0,1,"ERG",0.0206763738893541,NA,NA,NA,NA,NA,NA,NA,NA,NA,NA,NA
"GATA1",0.010026093648737,207.85,956.642973043087,"['NME1']",0.0206763738893541,0,0,1,"GATA1",0.0206763738893541,NA,NA,NA,NA,NA,NA,NA,NA,NA,NA,NA
"CBX3",0.0124058243336124,166.08,729.022976382788,"['MIS12']",0.0206763738893541,0,0,1,"CBX3",0.0206763738893541,0.00383610773866151,0.244163604939053,0.877200830751635,0.881190228336906,-0.470329865462348,0.978758252982259,0.931666246256666,0.92831262920213,0.765226432005424,NA,0.962413552712965
"TRIM28",0.028983783415667,68.6166666666667,242.972906520388,"['MIS12']",0.0362297292695838,0,0,1,"TRIM28",0.0362297292695838,0.696660180681473,0.123522544546884,NA,NA,NA,0.80804390143542,0.750195856483323,0.985998636590079,0.77054572582514,NA,0.965087265725938
"ESR1",0.143317298315742,12.4741935483871,24.2335439231199,"['NME1']",0.143317298315742,0,0,1,"ESR1",0.143317298315742,0.167948586731554,0.494487065348327,NA,NA,NA,0.498791826214212,0.619239794376691,NA,NA,NA,NA
