Rank,Term name,P-value,Z-score,Combined score,Overlapping genes,Adjusted p-value,Old p-value,Old adjusted p-value,gene count
1,mmu-miR-324-3p,0.05614693865107708,34.398305084745765,99.05965834622808,['NME1'],0.1319397923697223,0,0,1
2,hsa-miR-10a-5p,0.06125510353132098,31.37984496124031,87.63474751593614,['MIS12'],0.1319397923697223,0,0,1
3,hsa-miR-32-5p,0.07511601812196077,25.270440251572328,65.41813079041322,['MIS12'],0.1319397923697223,0,0,1
4,hsa-miR-215-5p,0.08795986157981488,21.336898395721924,51.86732620858496,['MIS12'],0.1319397923697223,0,0,1
5,hsa-miR-192-5p,0.11832880208052841,15.44488188976378,32.96382717818753,['MIS12'],0.14199456249663409,0,0,1
6,hsa-miR-16-5p,0.19994142900392048,8.493181818181819,13.671736450248593,['MIS12'],0.19994142900392048,0,0,1
