Rank,Term name,P-value,Z-score,Combined score,Overlapping genes,Adjusted p-value,Old p-value,Old adjusted p-value,gene count
1,Allograft Rejection,0.02189612174795613,91.82222222222222,350.8936405890181,['NME1'],0.035498790291351195,0,0,1
2,E2F Targets,0.02520690395179583,79.32692307692308,291.9736363853465,['NME1'],0.035498790291351195,0,0,1
3,DNA Repair,0.0266240927185134,74.94545454545455,271.74762641120253,['NME1'],0.035498790291351195,0,0,1
4,Myc Targets V1,0.03980148099659123,49.325301204819276,159.01742932964655,['NME1'],0.03980148099659123,0,0,1
