Rank,Term name,P-value,Z-score,Combined score,Overlapping genes,Adjusted p-value,Old p-value,Old adjusted p-value,gene count
1,Pyrimidine metabolism,0.007166639319298144,297.35714285714283,1468.444264345587,['NME1'],0.014324706113593426,0,0,1
2,Drug metabolism,0.009549804075728951,218.8421052631579,1017.8859807628368,['NME1'],0.014324706113593426,0,0,1
3,Purine metabolism,0.021422694766715395,93.93181818181819,361.00857159976516,['NME1'],0.021422694766715395,0,0,1
