Rank,Term name,P-value,Z-score,Combined score,Overlapping genes,Adjusted p-value,Old p-value,Old adjusted p-value,gene count
1,STAT3 human,0.016682126434820987,121.8529411764706,498.7949503931937,['NME1'],0.02000172669968111,0,0,1
2,TP53 human,0.02000172669968111,100.8780487804878,394.6285386431752,['NME1'],0.02000172669968111,0,0,1
