Rank,Term name,P-value,Z-score,Combined score,Overlapping genes,Adjusted p-value,Old p-value,Old adjusted p-value,gene count
1,Pyrimidine metabolism WP4022,0.014307548062748823,143.0344827586207,607.4628775255946,['NME1'],0.014307548062748823,0,0,1
2,Endoderm differentiation WP2853,0.014307548062748823,143.0344827586207,607.4628775255946,['NME1'],0.014307548062748823,0,0,1
