Rank,Term name,P-value,Z-score,Combined score,Overlapping genes,Adjusted p-value,Old p-value,Old adjusted p-value,gene count
1,NF1 human,0.0078123818098041874,275.6666666666667,1337.5471798325095,['MSH2'],0.029243574262947818,0,0,1
2,MBD2 human,0.011697429705179127,137.79166666666666,612.9505408455257,['MSH2'],0.029243574262947818,0,0,1
3,DNMT1 human,0.023268499551639718,55.06666666666667,207.08672342205998,['MSH2'],0.0387808325860662,0,0,1
4,HDAC1 human,0.04978309315064313,22.895833333333332,68.68932817642578,['PSIP1'],0.062228866438303915,0,0,1
5,SP1 human,0.29506810585036924,3.086206896551724,3.766866994444207,['PSIP1'],0.29506810585036924,0,0,1
