Rank,Term name,P-value,Z-score,Combined score,Overlapping genes,Adjusted p-value,Old p-value,Old adjusted p-value,gene count
1,E2F Targets,0.005408350895655302,22.1010101010101,115.36309691368575,"['MSH2', 'PSIP1']",0.03245010537393181,0,0,2
2,Pperoxisome,0.11143422669365988,9.425287356321839,20.68210368914243,['MSH2'],0.16287529968307937,0,0,1
3,UV Response Up,0.1253932772687821,8.272727272727273,17.176665808096786,['CYB5B'],0.16287529968307937,0,0,1
4,Xenobiotic Metabolism,0.13229663269812333,7.795238095238095,15.767495603577316,['COMT'],0.16287529968307937,0,0,1
5,Apical Junction,0.13572941640256614,7.576388888888889,15.130745338676492,['SGCE'],0.16287529968307937,0,0,1
6,mTORC1 Signaling,0.2207009602652557,4.364247311827957,6.594144701654991,['CYB5B'],0.2207009602652557,0,0,1
