Rank,Term name,P-value,Z-score,Combined score,Overlapping genes,Adjusted p-value,Old p-value,Old adjusted p-value,gene count
1,Proteasome Degradation WP183,0.029900156583876618,inf,inf,['PSMD5'],0.08970046975162985,0,0,1
2,Cytoplasmic Ribosomal Proteins WP477,0.11489124539599481,12.041666666666666,26.05538853708104,['RPS15A'],0.14171268530920184,0,0,1
3,Parkin-Ubiquitin Proteasomal System pathway WP2359,0.14171268530920184,9.0,17.585582525976434,['PSMD5'],0.14171268530920184,0,0,1
