Rank,Term name,P-value,Z-score,Combined score,Overlapping genes,Adjusted p-value,Old p-value,Old adjusted p-value,gene count
1,Mitophagy,0.059003078451719954,36.375,102.94727585666655,['TOMM7'],0.1723368680939922,0,0,1
2,Ribosome,0.11489124539599481,12.041666666666666,26.05538853708104,['RPS15A'],0.1723368680939922,0,0,1
3,Coronavirus disease,0.33158912738755003,2.9166666666666665,3.219587713402804,['RPS15A'],0.33158912738755003,0,0,1
