Rank,Term name,P-value,Z-score,Combined score,Overlapping genes,Adjusted p-value,Old p-value,Old adjusted p-value,gene count
1,FOXF2 human,0.012762799724965282,158.97560975609755,693.3277059068007,['PDGFA'],0.06321893321276548,0,0,1
2,KLF5 mouse,0.01908445928350417,79.47560975609755,314.6344754821137,['PDGFA'],0.06321893321276548,0,0,1
3,NFIC mouse,0.025366601860762842,52.97560975609756,194.6494408439805,['PDGFA'],0.06321893321276548,0,0,1
4,HOXB7 human,0.03160946660638274,39.72560975609756,137.2241192412734,['PDGFA'],0.06321893321276548,0,0,1
5,FOXO1 human,0.06825510396771386,15.87560975609756,42.61812303793013,['PDGFA'],0.10920816634834218,0,0,1
6,WT1 human,0.11501680167268413,8.808943089430894,19.050899140499663,['PDGFA'],0.15335573556357884,0,0,1
7,NFKB1 human,0.42645283016833113,1.8461979913916786,1.5734287287714548,['CD74'],0.43386986687472046,0,0,1
8,RELA human,0.43386986687472046,1.8031959629941128,1.5056878074510824,['CD74'],0.43386986687472046,0,0,1
