Rank,Term name,P-value,Z-score,Combined score,Overlapping genes,Adjusted p-value,Old p-value,Old adjusted p-value,gene count
1,SP2 human,0.052138820508713074,inf,inf,['CD14'],0.23462469228920885,0,0,1
2,MEF2D human,0.052138820508713074,inf,inf,['CD14'],0.23462469228920885,0,0,1
3,KLF4 human,0.1016254573719818,18.63157894736842,42.60038255425263,['CD14'],0.30487637211594537,0,0,1
4,VDR human,0.1931616771746334,6.192982456140351,10.18267351792289,['CD14'],0.3476910189143401,0,0,1
5,WT1 human,0.1931616771746334,6.192982456140351,10.18267351792289,['CD14'],0.3476910189143401,0,0,1
6,JUN mouse,0.38405300467298875,2.3059210526315788,2.2067081142933453,['CD14'],0.46900944971305164,0,0,1
7,SP3 human,0.38405300467298875,2.3059210526315788,2.2067081142933453,['CD14'],0.46900944971305164,0,0,1
8,SP1 human,0.4168972886338237,1.478918918918919,1.2939289341908577,"['RPS3A', 'CD14']",0.46900944971305164,0,0,2
9,SP1 mouse,0.7290659459351775,0.7848970251716247,0.24802046671669326,['CD14'],0.7290659459351775,0,0,1
