Rank,Term name,P-value,Z-score,Combined score,Overlapping genes,Adjusted p-value,Old p-value,Old adjusted p-value,gene count
1,Estrogen Response Late,0.019481450392056947,10.244047619047619,40.344056195544766,"['BCL2', 'FKBP5']",0.1148843763870883,0,0,2
2,Estrogen Response Early,0.025529861419352956,8.814102564102564,32.329303874053345,"['BCL2', 'FKBP5']",0.1148843763870883,0,0,2
3,Androgen Response,0.23130789120687717,3.9831884057971014,5.831410106312031,['FKBP5'],0.3267254983355235,0,0,1
4,Apical Junction,0.2598213508693194,3.4739240506329114,4.682019339125491,['MSN'],0.3267254983355235,0,0,1
5,KRAS Signaling Up,0.27093958622843245,3.304578313253012,4.315314693056444,['HDAC9'],0.3267254983355235,0,0,1
6,Allograft Rejection,0.2764383099288872,3.2258823529411766,4.147734989781794,['HDAC9'],0.3267254983355235,0,0,1
7,Hypoxia,0.279172695984035,3.187906976744186,4.067529274064452,['BCL2'],0.3267254983355235,0,0,1
8,IL-2/STAT5 Signaling,0.29537153569834257,2.977391304347826,3.630992030809918,['BCL2'],0.3267254983355235,0,0,1
9,p53 Pathway,0.3267254983355235,2.629230769230769,2.941149338726027,['PITPNC1'],0.3267254983355235,0,0,1
