Rank,Term name,P-value,Z-score,Combined score,Overlapping genes,Adjusted p-value,Old p-value,Old adjusted p-value,gene count
1,KRAS Signaling Dn,0.009005887994650111,16.463414634146343,77.54065288783583,"['CCDC106', 'ADRA2C']",0.022514719986625277,0,0,2
2,DNA Repair,0.009005887994650111,16.463414634146343,77.54065288783583,"['VPS37D', 'SAC3D1']",0.022514719986625277,0,0,2
3,Mitotic Spindle,0.0661922431383521,16.48582995951417,44.7621935541684,['SAC3D1'],0.11032040523058685,0,0,1
4,Apoptosis,0.1549729369814292,6.479166666666667,12.080437203746273,['HGF'],0.16946348462687996,0,0,1
5,UV Response Up,0.16946348462687996,5.86066763425254,10.403375468506551,['SPR'],0.16946348462687996,0,0,1
