Rank,Term name,P-value,Z-score,Combined score,Overlapping genes,Adjusted p-value,Old p-value,Old adjusted p-value,gene count
1,SETDB1,0.056529879527661246,19.591346153846153,56.28566203429878,['CCDC106'],0.2826493976383062,0,0,1
2,STAT3,0.17519482683833268,5.6447552447552445,9.832354337046693,['PIM2'],0.3434437006854573,0,0,1
3,ESR2,0.2060662204112744,4.691142191142191,7.409929786429781,['CCDC106'],0.3434437006854573,0,0,1
4,TP53,0.3676530202294216,2.325308279506753,2.326739891394452,['CCDC106'],0.45956627528677696,0,0,1
5,MYC,0.503617277546731,1.5044453034402783,1.0319572095142717,['PIM2'],0.503617277546731,0,0,1
