Rank,Term name,P-value,Z-score,Combined score,Overlapping genes,Adjusted p-value,Old p-value,Old adjusted p-value,gene count
1,POU2F1 mouse,0.007654166304727107,283.3636363636364,1380.6907815837378,['IRF3'],0.030616665218908427,0,0,1
2,HDAC1 human,0.052462945759393226,21.713286713286713,64.00312948975235,['PSIP1'],0.09888633013868789,0,0,1
3,E2F1 human,0.07416474760401592,14.82775119617225,38.57389565521023,['IRF3'],0.09888633013868789,0,0,1
4,SP1 human,0.2789359284175455,3.32420591456736,4.244256925876705,['PSIP1'],0.2789359284175455,0,0,1
