Rank,Term name,P-value,Z-score,Combined score,Overlapping genes,Adjusted p-value,Old p-value,Old adjusted p-value,gene count
1,E2F Targets,0.10932431750685948,9.683385579937305,21.433558355050973,['PSIP1'],0.16650387551333212,0,0,1
2,UV Response Up,0.12644119027461997,8.245989304812834,17.052524288586685,['CYB5B'],0.16650387551333212,0,0,1
3,Xenobiotic Metabolism,0.1332031004106657,7.782828282828283,15.689249783949444,['COMT'],0.16650387551333212,0,0,1
4,Apical Junction,0.1332031004106657,7.782828282828283,15.689249783949444,['SGCE'],0.16650387551333212,0,0,1
5,mTORC1 Signaling,0.21068859997940487,4.633333333333334,7.215833168280769,['CYB5B'],0.21068859997940487,0,0,1
