Rank,Term name,P-value,Z-score,Combined score,Overlapping genes,Adjusted p-value,Old p-value,Old adjusted p-value,gene count
1,mmu-miR-1900,0.01578060136418708,inf,inf,['HLA-DRA'],0.07890341183958381,0,0,1
2,mmu-miR-5099,0.03322240774482581,inf,inf,['HLA-DRA'],0.07890341183958381,0,0,1
3,mmu-miR-681,0.045680855671269366,inf,inf,['HLA-DRA'],0.07890341183958381,0,0,1
4,hsa-miR-508-3p,0.06935192396908309,inf,inf,['HLA-DRA'],0.07890341183958381,0,0,1
5,mmu-miR-155,0.0710130521612407,inf,inf,['HLA-DRA'],0.07890341183958381,0,0,1
6,mmu-miR-383,0.07350474455392737,inf,inf,['HLA-DRA'],0.07890341183958381,0,0,1
7,hsa-miR-486-5p,0.07890341183958381,inf,inf,['HLA-DRA'],0.07890341183958381,0,0,1
