Rank,Term name,P-value,Z-score,Combined score,Overlapping genes,Adjusted p-value,Old p-value,Old adjusted p-value,gene count
1,ILF3 human,0.00041527038600214754,inf,inf,['HLA-DRA'],0.0009343583685048319,0,0,1
2,RFX5 human,0.00041527038600214754,inf,inf,['HLA-DRA'],0.0009343583685048319,0,0,1
3,RFXANK human,0.00041527038600214754,inf,inf,['HLA-DRA'],0.0009343583685048319,0,0,1
4,RFXAP human,0.00041527038600214754,inf,inf,['HLA-DRA'],0.0009343583685048319,0,0,1
5,POU2F2 human,0.0008305448566723054,inf,inf,['HLA-DRA'],0.0014949807420101496,0,0,1
6,RFX1 human,0.001661097121753946,inf,inf,['HLA-DRA'],0.002491645682630919,0,0,1
7,CIITA human,0.002491651653789434,inf,inf,['HLA-DRA'],0.0032035521263007014,0,0,1
8,HDAC1 human,0.005813880031289145,inf,inf,['HLA-DRA'],0.0065406150352002885,0,0,1
9,YY1 human,0.007890277235080895,inf,inf,['HLA-DRA'],0.007890277235080895,0,0,1
