Rank,Term name,P-value,Z-score,Combined score,Overlapping genes,Adjusted p-value,Old p-value,Old adjusted p-value,gene count
1,Oxidative Phosphorylation,1.8133522403370915e-08,17.221666666666668,306.9848802200668,"['NDUFA5', 'UQCRQ', 'NDUFB2', 'NDUFA1', 'COX7A2', 'UQCR11', 'UQCR10', 'COX5B', 'ATP5MG']",1.4506817922696732e-07,0,0,9
2,Adipogenesis,0.00021851072110537777,10.358,87.30422059893363,"['NDUFA5', 'UQCRQ', 'DDT', 'UQCR11', 'UQCR10']",0.0008740428844215111,0,0,5
3,DNA Repair,0.00983828874623245,7.342291371994342,33.93220493846542,"['VPS37B', 'POLR2I', 'POLR2K']",0.026235436656619864,0,0,3
4,Myc Targets V1,0.03167788000407898,4.637915543575921,16.010718150307348,"['HDDC2', 'MRPS18B', 'RPS10']",0.06335576000815796,0,0,3
5,Reactive Oxygen Species Pathway,0.15045894216031258,6.416461916461916,12.153196206590525,['ATOX1'],0.24073430745650015,0,0,1
6,Complement,0.3553370691104459,2.336183618361836,2.417222205913489,['ATOX1'],0.3636492248346385,0,0,1
7,Xenobiotic Metabolism,0.3608902176250593,2.290379523389232,2.3343123768366216,['DDT'],0.3636492248346385,0,0,1
8,Myogenesis,0.3636492248346385,2.268138111888112,2.29437036303889,['COX7A1'],0.3636492248346385,0,0,1
