Rank,Term name,P-value,Z-score,Combined score,Overlapping genes,Adjusted p-value,Old p-value,Old adjusted p-value,gene count
1,SP2 human,0.05586570009685702,inf,inf,['CD14'],0.2513956504358566,0,0,1
2,MEF2D human,0.05586570009685702,inf,inf,['CD14'],0.2513956504358566,0,0,1
3,KLF4 human,0.1086843082058632,17.307692307692307,38.411097473205125,['CD14'],0.3260529246175896,0,0,1
4,VDR human,0.20582019023558484,5.752136752136752,9.09270371315708,['CD14'],0.37047634242405275,0,0,1
5,WT1 human,0.20582019023558484,5.752136752136752,9.09270371315708,['CD14'],0.37047634242405275,0,0,1
6,JUN mouse,0.3701204255594096,2.4505494505494507,2.435666900599893,['CD14'],0.4758691185763838,0,0,1
7,SP3 human,0.3701204255594096,2.4505494505494507,2.435666900599893,['CD14'],0.4758691185763838,0,0,1
8,SP1 human,0.43313324130073827,1.4298245614035088,1.1963483396019774,"['RPS3A', 'CD14']",0.48727489646333055,0,0,2
9,SP1 mouse,0.7062215893686258,0.841025641025641,0.2925307736554811,['CD14'],0.7062215893686258,0,0,1
