Rank,Term name,P-value,Z-score,Combined score,Overlapping genes,Adjusted p-value,Old p-value,Old adjusted p-value,gene count
1,Selenium Micronutrient Network WP15,0.011184426155845839,136.51282051282053,613.3839087070616,['SELENOH'],0.031105778028141448,0,0,1
2,Electron Transport Chain (OXPHOS system in mitochondria) WP111,0.022008701641696087,68.00641025641026,259.53404504958087,['COX7A1'],0.031105778028141448,0,0,1
3,Nonalcoholic fatty liver disease WP4396,0.031105778028141448,47.63963963963964,165.32678025303,['COX7A1'],0.031105778028141448,0,0,1
