Rank,Term name,P-value,Z-score,Combined score,Overlapping genes,Adjusted p-value,Old p-value,Old adjusted p-value,gene count
1,Regulation Of Oxidative Phosphorylation (GO:0002082),0.003364116521170162,485.27272727272725,2763.429171369342,['COX7A1'],0.007288240097294544,0,0,1
2,Regulation Of Aerobic Respiration (GO:1903715),0.003644120048647272,444.7916666666667,2497.345241648869,['COX7A1'],0.007288240097294544,0,0,1
3,Mitochondrion Organization (GO:0007005),0.03028111183284746,48.976851851851855,171.28337107778748,['COX7A1'],0.040374815777129945,0,0,1
4,Protein-Containing Complex Assembly (GO:0065003),0.05562890714786778,26.084577114427862,75.35970750962483,['COX7A1'],0.05562890714786778,0,0,1
