Rank,Term name,P-value,Z-score,Combined score,Overlapping genes,Adjusted p-value,Old p-value,Old adjusted p-value,gene count
1,Ribosome biogenesis in eukaryotes,0.010018906817553288,160.1153846153846,737.0561541325704,['GTPBP4'],0.01905623652101287,0,0,1
2,Pyrimidine metabolism,0.010731974191358087,148.64285714285714,674.0251607397084,['NME1'],0.01905623652101287,0,0,1
3,Drug metabolism,0.014292177390759653,109.39473684210526,464.7135380937942,['NME1'],0.01905623652101287,0,0,1
4,Purine metabolism,0.03196514732427426,46.95454545454545,161.6696234851145,['NME1'],0.03196514732427426,0,0,1
