Rank,Term name,P-value,Z-score,Combined score,Overlapping genes,Adjusted p-value,Old p-value,Old adjusted p-value,gene count
1,Hair Follicle Development: Organogenesis - Part 2 of 3 WP2839,0.002152555624977381,1043.5,6408.237307341037,['GTPBP4'],0.006457666874932143,0,0,1
2,Pyrimidine metabolism WP4022,0.021386945195790392,71.5,274.915682518824,['NME1'],0.021386945195790392,0,0,1
3,Endoderm differentiation WP2853,0.021386945195790392,71.5,274.915682518824,['NME1'],0.021386945195790392,0,0,1
