Rank,Term name,P-value,Z-score,Combined score,Overlapping genes,Adjusted p-value,Old p-value,Old adjusted p-value,gene count
1,Allograft Rejection,0.03266763784323234,45.9,157.040899502277,['NME1'],0.05289848179779885,0,0,1
2,E2F Targets,0.037575558518377586,39.65384615384615,130.12018943147945,['NME1'],0.05289848179779885,0,0,1
3,DNA Repair,0.03967386134834914,37.46363636363636,120.89750398210174,['NME1'],0.05289848179779885,0,0,1
4,Myc Targets V1,0.05911114887298206,24.656626506024097,69.73721768259566,['NME1'],0.05911114887298206,0,0,1
