"Term.name","P.value","Z.score","Combined.score","Overlapping.genes","Adjusted.p.value","Old.p.value","Old.adjusted.p.value","gene.count","TF_NAME","FDR","cycling_in_CTL_BHQ","cycling_in_AD_BHQ","DR_AR1_BHQ","DR_AR1_mthd2_BHQ","DR_logAmpRatio","diff_mesor_BHQ","edgeR_DE_BHQ","cycling_PRTN_CTL_BHQ","cycling_PRTN_AD_BHQ","DR_PRTN_BHQ","DM_PRTN_BHQ"
"ERG",0.0142921773907597,109.394736842105,464.713538093794,"['NME1']",0.0410432433155842,0,0,1,"ERG",0.0410432433155842,NA,NA,NA,NA,NA,NA,NA,NA,NA,NA,NA
"GATA1",0.0150031918043885,103.9,436.327251378534,"['NME1']",0.0410432433155842,0,0,1,"GATA1",0.0410432433155842,NA,NA,NA,NA,NA,NA,NA,NA,NA,NA,NA
"ESR1",0.015748315094887,25.0291262135922,103.8964509888,"['GTPBP4', 'NME1']",0.0410432433155842,0,0,2,"ESR1",0.0410432433155842,0.167948586731554,0.494487065348327,NA,NA,NA,0.498791826214212,0.619239794376691,NA,NA,NA,NA
"CBX3",0.0185531368732767,83.02,331.010403573198,"['MIS12']",0.0410432433155842,0,0,1,"CBX3",0.0410432433155842,0.00383610773866151,0.244163604939053,0.877200830751635,0.881190228336906,-0.470329865462348,0.978758252982259,0.931666246256666,0.92831262920213,0.765226432005424,NA,0.962413552712965
"NANOG",0.0228018018419912,66.8548387096774,252.772510500891,"['GTPBP4']",0.0410432433155842,0,0,1,"NANOG",0.0410432433155842,NA,NA,NA,NA,NA,NA,NA,NA,NA,NA,NA
"TRIM28",0.0431642518833894,34.3,107.796072174726,"['MIS12']",0.0647463778250841,0,0,1,"TRIM28",0.0647463778250841,0.696660180681473,0.123522544546884,NA,NA,NA,0.80804390143542,0.750195856483323,0.985998636590079,0.77054572582514,NA,0.965087265725938
"FOXP3",0.0542766523909474,26.9736842105263,78.5921749174752,"['GTPBP4']",0.0697842673597896,0,0,1,"FOXP3",0.0697842673597896,NA,NA,NA,NA,NA,NA,NA,NA,NA,NA,NA
"ESR2",0.0700994998536748,20.5909090909091,54.7273339879129,"['GTPBP4']",0.0788619373353841,0,0,1,"ESR2",0.0788619373353841,NA,NA,NA,NA,NA,NA,NA,NA,NA,NA,NA
"TP53",0.12375969957168,11.1648044692737,23.3278931855032,"['GTPBP4']",0.12375969957168,0,0,1,"TP53",0.12375969957168,0.871793181187558,0.0733255632685745,0.536130095839811,NA,1.87394320821885,0.892673927449957,0.928649735537716,NA,NA,NA,NA
