Rank,Term name,P-value,Z-score,Combined score,Overlapping genes,Adjusted p-value,Old p-value,Old adjusted p-value,gene count
1,Nucleus (GO:0005634),0.016563025718374574,inf,inf,"['MIS12', 'GTPBP4', 'NME1']",0.07692101929372404,0,0,3
2,Intracellular Membrane-Bounded Organelle (GO:0043231),0.02564033976457468,inf,inf,"['MIS12', 'GTPBP4', 'NME1']",0.07692101929372404,0,0,3
3,Nuclear Membrane (GO:0031965),0.041071034278296135,36.13157894736842,115.34833754475574,['GTPBP4'],0.08214206855659227,0,0,1
4,Nucleolus (GO:0005730),0.13097240824495338,10.489473684210527,21.322672757289524,['GTPBP4'],0.15795136718482664,0,0,1
5,Nuclear Lumen (GO:0031981),0.13162613932068887,10.43193717277487,21.153774257171882,['GTPBP4'],0.15795136718482664,0,0,1
6,Intracellular Non-Membrane-Bounded Organelle (GO:0043232),0.21017347984154308,6.128571428571429,9.559480511046036,['GTPBP4'],0.21017347984154308,0,0,1
