Rank,Term name,P-value,Z-score,Combined score,Overlapping genes,Adjusted p-value,Old p-value,Old adjusted p-value,gene count
1,FOXA2 mouse,0.005854286535356363,453.3333333333333,2330.3967857222256,['OTX1'],0.011708573070712726,0,0,1
2,EGR1 mouse,0.040442353364734826,34.56410256410256,110.87741357799841,['CHRNA7'],0.040442353364734826,0,0,1
