Rank,Term name,P-value,Z-score,Combined score,Overlapping genes,Adjusted p-value,Old p-value,Old adjusted p-value,gene count
1,Unfolded Protein Response,0.03188131582304709,45.03333333333333,155.172939663234,['NHP2'],0.051768600265790624,0,0,1
2,Myc Targets V1,0.051768600265790624,26.352941176470587,78.03030739546422,['NHP2'],0.051768600265790624,0,0,1
