Rank,Term name,P-value,Z-score,Combined score,Overlapping genes,Adjusted p-value,Old p-value,Old adjusted p-value,gene count
1,Monoatomic Ion Channel Complex (GO:0034702),0.008771787952688135,226.5,1072.752611864617,['CHRNA7'],0.030701257834408472,0,0,1
2,Acetylcholine-Gated Channel Complex (GO:0005892),0.008771787952688135,226.5,1072.752611864617,['CHRNA7'],0.030701257834408472,0,0,1
3,Plasma Membrane Raft (GO:0044853),0.014587530619026675,113.08333333333333,478.06976362424876,['CHRNA7'],0.03403757144439558,0,0,1
4,Membrane Raft (GO:0045121),0.05739397592625386,23.54385964912281,67.28401716328221,['CHRNA7'],0.10043945787094426,0,0,1
5,Neuron Projection (GO:0043005),0.11228136658434958,11.2991452991453,24.70837611185939,['CHRNA7'],0.1571939132180894,0,0,1
6,Nucleus (GO:0005634),0.5953339097186479,1.3163636363636364,0.6827094086223628,['OTX1'],0.6595785370963629,0,0,1
7,Intracellular Membrane-Bounded Organelle (GO:0043231),0.6595785370963629,1.0799584631360333,0.4494292806041085,['OTX1'],0.6595785370963629,0,0,1
