Rank,Term name,P-value,Z-score,Combined score,Overlapping genes,Adjusted p-value,Old p-value,Old adjusted p-value,gene count
1,Ribosome biogenesis in eukaryotes,0.0029303553944272976,inf,inf,['NHP2'],0.02637319854984568,0,0,1
2,Nicotine addiction,0.014587530619026675,113.08333333333333,478.06976362424876,['CHRNA7'],0.06564388778562004,0,0,1
3,Cholinergic synapse,0.03188131582304709,45.03333333333333,155.172939663234,['CHRNA7'],0.09029588913974758,0,0,1
4,Signaling pathways regulating pluripotency of stem cells,0.04328337534631398,32.07142857142857,100.70385784588241,['OTX1'],0.09029588913974758,0,0,1
5,Chemical carcinogenesis,0.05458442597314531,24.87037037037037,72.32320305935916,['CHRNA7'],0.09029588913974758,0,0,1
6,Calcium signaling pathway,0.06019725942649839,22.35,62.80637090623201,['CHRNA7'],0.09029588913974758,0,0,1
7,Neuroactive ligand-receptor interaction,0.07134791500304989,18.569444444444443,49.0268087457638,['CHRNA7'],0.09173303357534987,0,0,1
8,Alzheimer disease,0.10150085434279987,12.628571428571428,28.89023211449864,['CHRNA7'],0.11228136658434958,0,0,1
9,Pathways of neurodegeneration,0.11228136658434958,11.2991452991453,24.70837611185939,['CHRNA7'],0.11228136658434958,0,0,1
