Rank,Term name,P-value,Z-score,Combined score,Overlapping genes,Adjusted p-value,Old p-value,Old adjusted p-value,gene count
1,hsa-miR-3181,0.02555845260672963,inf,inf,['SPRED3'],0.10896821728154414,0,0,1
2,hsa-miR-542-5p,0.047137837402317945,inf,inf,['SPRED3'],0.10896821728154414,0,0,1
3,hsa-miR-1911,0.06091192437600691,inf,inf,['SPRED3'],0.10896821728154414,0,0,1
4,hsa-miR-548ad,0.06994160667297557,inf,inf,['SPRED3'],0.10896821728154414,0,0,1
5,hsa-miR-1296,0.0734616528347896,inf,inf,['SPRED3'],0.10896821728154414,0,0,1
6,hsa-miR-4713-3p,0.09121493273143479,inf,inf,['SPRED3'],0.10896821728154414,0,0,1
7,mmu-miR-3092,0.09779589120355131,inf,inf,['SPRED3'],0.10896821728154414,0,0,1
8,hsa-miR-2909,0.0999385289583201,inf,inf,['SPRED3'],0.10896821728154414,0,0,1
9,mmu-miR-3096b-3p,0.10896821728154414,inf,inf,['SPRED3'],0.10896821728154414,0,0,1
