Rank,Term name,P-value,Z-score,Combined score,Overlapping genes,Adjusted p-value,Old p-value,Old adjusted p-value,gene count
1,KRAS Signaling Up,0.02221485453272664,10.45,39.783088248558585,"['TMEM100', 'G0S2']",0.1151108606478066,0,0,2
2,TNF-alpha Signaling via NF-kB,0.02877771516195165,9.010810810810812,31.971744155448615,"['G0S2', 'NFKBIE']",0.1151108606478066,0,0,2
3,Apical Junction,0.06794252545827524,17.12121212121212,46.040534150090714,['ITGB4'],0.18118006788873398,0,0,1
4,Cholesterol Homeostasis,0.09391404675505645,11.825174825174825,27.97097658268577,['ANTXR2'],0.1855107360544332,0,0,1
5,DNA Repair,0.1377735786122634,7.654545454545454,15.172408865366119,['ALYREF'],0.1855107360544332,0,0,1
6,Fatty Acid Metabolism,0.15596764662061308,6.644268774703558,12.345760238503418,['G0S2'],0.1855107360544332,0,0,1
7,Myogenesis,0.16790078087830507,6.1054545454545455,10.894463583817918,['ITGB4'],0.1855107360544332,0,0,1
8,p53 Pathway,0.1855107360544332,5.441558441558442,9.167080738258134,['ITGB4'],0.1855107360544332,0,0,1
