Rank,Term name,P-value,Z-score,Combined score,Overlapping genes,Adjusted p-value,Old p-value,Old adjusted p-value,gene count
1,ZEB1 human,0.006992924864750465,inf,inf,['ITGB4'],0.01398584972950093,0,0,1
2,NCOR1 human,0.006992924864750465,inf,inf,['G0S2'],0.01398584972950093,0,0,1
3,PPARA human,0.02770377685348015,51.54545454545455,184.85161459747295,['G0S2'],0.03451891561326199,0,0,1
4,SNAI1 mouse,0.03451891561326199,38.63636363636363,130.0595751166801,['ITGB4'],0.03451891561326199,0,0,1
