Rank,Term name,P-value,Z-score,Combined score,Overlapping genes,Adjusted p-value,Old p-value,Old adjusted p-value,gene count
1,AHR human,0.041595350847499005,35.86046511627907,114.02791915025914,['ARNT'],0.08319070169499801,0,0,1
2,NFIL3 mouse,0.041595350847499005,35.86046511627907,114.02791915025914,['ARNT'],0.08319070169499801,0,0,1
3,MYOD1 mouse,0.15649373286040727,6.501057082452431,12.05776616264132,['ARNT'],0.208658310480543,0,0,1
4,HIF1A human,0.2889673586482728,3.097067745197169,3.8448285606899204,['ARNT'],0.2889673586482728,0,0,1
