Rank,Term name,P-value,Z-score,Combined score,Overlapping genes,Adjusted p-value,Old p-value,Old adjusted p-value,gene count
1,p53 Pathway,0.037272910697163965,4.442926829268293,14.61495658215622,"['RNF19B', 'RPL18', 'RPS12']",0.31062770883113183,0,0,3
2,Myc Targets V1,0.06902837974025151,3.400750469043152,9.091013880464775,"['SNRPD1', 'RPL34', 'RPL18']",0.31062770883113183,0,0,3
3,Epithelial Mesenchymal Transition,0.38363724516740266,2.1515151515151514,2.0612759736836086,['PPIB'],0.5577498827675874,0,0,1
4,Androgen Response,0.39239690708248826,2.0875512995896033,1.952865481983456,['GPD1L'],0.5577498827675874,0,0,1
5,G2-M Checkpoint,0.4010348676904449,2.0272425249169435,1.8523054903066851,['SNRPD1'],0.5577498827675874,0,0,1
6,Allograft Rejection,0.4179522711920045,1.916404776869893,1.6718486008697384,['RPL9'],0.5577498827675874,0,0,1
7,Mitotic Spindle,0.43440241100746624,1.8169350029815146,1.5149312621691629,['CEP250'],0.5577498827675874,0,0,1
8,TNF-alpha Signaling via NF-kB,0.4957776735711888,1.503711034141514,1.0550453015888408,['RNF19B'],0.5577498827675874,0,0,1
9,Oxidative Phosphorylation,0.7410440694027649,0.7484371092773193,0.22430299611171928,['NDUFS6'],0.7410440694027649,0,0,1
