Rank,Term name,P-value,Z-score,Combined score,Overlapping genes,Adjusted p-value,Old p-value,Old adjusted p-value,gene count
1,FOXF2 human,0.011294061114662291,180.44444444444446,809.0187431721147,['PDGFA'],0.05600576780852282,0,0,1
2,KLF5 mouse,0.01689447955692931,90.20833333333333,368.11931282249145,['PDGFA'],0.05600576780852282,0,0,1
3,NFIC mouse,0.0224640325958269,60.129629629629626,228.24244131430615,['PDGFA'],0.05600576780852282,0,0,1
4,HOXB7 human,0.02800288390426141,45.09027777777778,161.21793346876373,['PDGFA'],0.05600576780852282,0,0,1
5,FOXO1 human,0.05524232167919307,20.02469135802469,57.99202526038466,['PDGFA'],0.08838771468670892,0,0,1
6,WT1 human,0.10241352085976849,9.998456790123457,22.78384878574266,['PDGFA'],0.13655136114635796,0,0,1
7,NFKB1 human,0.38834570221646586,2.0954248366013073,1.981977175925811,['CD74'],0.3953456967474425,0,0,1
8,RELA human,0.3953456967474425,2.0466155810983397,1.8992484432849155,['CD74'],0.3953456967474425,0,0,1
