Rank,Term name,P-value,Z-score,Combined score,Overlapping genes,Adjusted p-value,Old p-value,Old adjusted p-value,gene count
1,NFE2L2 mouse,0.3080560538319933,3.088888888888889,3.6370848716726556,['MGST1'],0.8137846686707123,0,0,1
2,TP53 human,0.42505861096161707,1.9575757575757575,1.6747612866002746,['NME1'],0.8137846686707123,0,0,1
3,STAT3 human,0.6039496475557974,1.1239766081871345,0.566781445574114,['NME1'],0.8137846686707123,0,0,1
4,SP1 mouse,0.7525161377347155,0.728735632183908,0.20720346979064563,['MGST1'],0.8137846686707123,0,0,1
5,SP1 human,0.8137846686707123,0.6,0.12363568966659852,['MMRN1'],0.8137846686707123,0,0,1
