Rank,Term name,P-value,Z-score,Combined score,Overlapping genes,Adjusted p-value,Old p-value,Old adjusted p-value,gene count
1,Spermatogenesis,0.03343140105115858,38.66,131.37671882026274,['ARL4A'],0.11713453034532409,0,0,1
2,Allograft Rejection,0.0746287775655563,15.991666666666667,41.50203849743942,['RPL9'],0.11713453034532409,0,0,1
3,IL-2/STAT5 Signaling,0.09750570348938205,11.94375,27.80319161654528,['ARL4A'],0.11713453034532409,0,0,1
4,Adipogenesis,0.111562958231758,10.302702702702703,22.59553933227134,['ARL4A'],0.11713453034532409,0,0,1
5,Interferon Gamma Response,0.11713453034532409,9.764102564102565,20.938455676234454,['ARL4A'],0.11713453034532409,0,0,1
