Rank,Term name,P-value,Z-score,Combined score,Overlapping genes,Adjusted p-value,Old p-value,Old adjusted p-value,gene count
1,G2-M Checkpoint,0.08473916399641354,13.201149425287356,32.58277865687793,['HMGN2'],0.09583428360276804,0,0,1
2,p53 Pathway,0.09583428360276804,11.580808080808081,27.1585559452269,['RAD9A'],0.09583428360276804,0,0,1
