Rank,Term name,P-value,Z-score,Combined score,Overlapping genes,Adjusted p-value,Old p-value,Old adjusted p-value,gene count
1,E2F Targets,0.0003013640595383618,29.580357142857142,239.81362070380703,"['DNMT1', 'MSH2', 'PSIP1']",0.0018081843572301708,0,0,3
2,Pperoxisome,0.12230400134194058,8.451530612244898,17.758740830985246,['MSH2'],0.18878892834359903,0,0,1
3,Apical Junction,0.15349840465449793,6.557539682539683,12.289256294613212,['SGCE'],0.18878892834359903,0,0,1
4,UV Response Up,0.15349840465449793,6.557539682539683,12.289256294613212,['CYB5B'],0.18878892834359903,0,0,1
5,Xenobiotic Metabolism,0.1573241069529992,6.378378378378378,11.796474198475027,['COMT'],0.18878892834359903,0,0,1
6,mTORC1 Signaling,0.2513075554737788,3.7165532879818595,5.132849124563242,['CYB5B'],0.2513075554737788,0,0,1
