Rank,Term name,P-value,Z-score,Combined score,Overlapping genes,Adjusted p-value,Old p-value,Old adjusted p-value,gene count
1,Pyrimidine metabolism,0.008041504728963323,262.625,1266.6768950964672,['NME1'],0.01630791948410873,0,0,1
2,Drug metabolism,0.010871946322739152,190.72727272727272,862.3866266864686,['NME1'],0.01630791948410873,0,0,1
3,Purine metabolism,0.021215650176290454,94.86363636363636,365.51112331622966,['NME1'],0.021215650176290454,0,0,1
