Rank,Term name,P-value,Z-score,Combined score,Overlapping genes,Adjusted p-value,Old p-value,Old adjusted p-value,gene count
1,mmu-miR-324-3p,0.055148495930143815,35.05128205128205,101.56900453338659,['NME1'],0.13340285214520742,0,0,1
2,hsa-miR-10a-5p,0.0625058572812222,30.714285714285715,85.15520388260553,['MIS12'],0.13340285214520742,0,0,1
3,hsa-miR-32-5p,0.0739441661988056,25.696202531645568,66.92434572436312,['MIS12'],0.13340285214520742,0,0,1
4,hsa-miR-215-5p,0.08893523476347161,21.083769633507853,51.019494027941136,['MIS12'],0.13340285214520742,0,0,1
5,hsa-miR-192-5p,0.12032951924689994,15.160919540229886,32.103570142393515,['MIS12'],0.14439542309627992,0,0,1
6,hsa-miR-16-5p,0.19428121241671475,8.786542923433874,14.396299135909326,['MIS12'],0.19428121241671475,0,0,1
