Rank,Term name,P-value,Z-score,Combined score,Overlapping genes,Adjusted p-value,Old p-value,Old adjusted p-value,gene count
1,E2F Targets,0.02262194404447572,88.74468085106383,336.2389411914397,['NME1'],0.03453248741924273,0,0,1
2,Allograft Rejection,0.02355891174421808,85.08163265306122,318.90732421012,['NME1'],0.03453248741924273,0,0,1
3,DNA Repair,0.02589936556443205,77.11111111111111,281.72828260821757,['NME1'],0.03453248741924273,0,0,1
4,Myc Targets V1,0.03802446213669584,51.725,169.1162109321457,['NME1'],0.03802446213669584,0,0,1
