Rank,Term name,P-value,Z-score,Combined score,Overlapping genes,Adjusted p-value,Old p-value,Old adjusted p-value,gene count
1,Apoptosis,0.06020802242086199,22.022988505747126,61.883489344503914,['PAK1'],0.0719156251983482,0,0,1
2,p53 Pathway,0.0719156251983482,18.19047619047619,47.882094133673625,['GLS2'],0.0719156251983482,0,0,1
