"Term.name","P.value","Z.score","Combined.score","Overlapping.genes","Adjusted.p.value","Old.p.value","Old.adjusted.p.value","gene.count","TF_NAME","FDR","cycling_in_CTL_BHQ","cycling_in_AD_BHQ","DR_AR1_BHQ","DR_AR1_mthd2_BHQ","DR_logAmpRatio","diff_mesor_BHQ","edgeR_DE_BHQ","cycling_PRTN_CTL_BHQ","cycling_PRTN_AD_BHQ","DR_PRTN_BHQ","DM_PRTN_BHQ"
"STAT5A",0.0244199559689209,58.6060606060606,217.566479462685,"['PAK1']",0.10339868819019,0,0,1,"STAT5A",0.10339868819019,0.874220950404227,0.71890158976562,NA,NA,NA,0.717099037691745,0.53734134158402,NA,NA,NA,NA
"SMAD1",0.046409550617872,29.1363636363636,89.4559207065389,"['PAK1']",0.10339868819019,0,0,1,"SMAD1",0.10339868819019,2.32778590680942e-07,0.00028674681829883,0.945516648368392,0.94531613854926,0.013337794550583,0.972676494306857,0.985949170495384,NA,NA,NA,NA
"SMAD4",0.0503673705769332,26.6805555555556,79.7324849917708,"['PAK1']",0.10339868819019,0,0,1,"SMAD4",0.10339868819019,0.0378972595431532,0.321438176740186,NA,NA,NA,0.395989115673251,0.509825714364303,0.000285580676067794,0.720856604656473,0.106149133666663,0.004162226266235
"HDAC2",0.064122791047467,20.5806451612903,56.5341148487921,"['PAK1']",0.10339868819019,0,0,1,"HDAC2",0.10339868819019,0.210614066079154,0.353219942818163,NA,NA,NA,0.95129793076741,0.858678313973177,0.883405270734365,0.79802754786512,NA,0.926609565227931
"AR",0.0738562058501359,17.6759259259259,46.0570154985527,"['PAK1']",0.10339868819019,0,0,1,"AR",0.10339868819019,0.404742711991442,0.595768044061377,NA,NA,NA,0.395358032228493,0.66748420512025,NA,NA,NA,NA
"SMAD2",0.0969065902328652,13.1736111111111,30.7473104517277,"['PAK1']",0.113057688605009,0,0,1,"SMAD2",0.113057688605009,0.00131228916154303,0.100702571191695,NA,NA,NA,0.146768931990806,0.272346881248278,0.830051986107653,0.884565743562638,NA,0.522059167688065
"ESR1",0.282326333781054,3.87662337662338,4.90273327317902,"['PAK1']",0.282326333781054,0,0,1,"ESR1",0.282326333781054,0.0357844279284302,0.916583324296879,0.780732418870906,NA,-0.902121087667251,0.66943771007318,0.481566284214177,NA,NA,NA,NA
