Rank,Term name,P-value,Z-score,Combined score,Overlapping genes,Adjusted p-value,Old p-value,Old adjusted p-value,gene count
1,Apical Junction,0.34586196298558053,2.552995391705069,2.7105548667148156,['TNFRSF11B'],0.6098820369533782,0,0,1
2,Xenobiotic Metabolism,0.3642398237048624,2.3806451612903228,2.404315373256,['ARG2'],0.6098820369533782,0,0,1
3,KRAS Signaling Up,0.4488788928035106,1.7774193548387096,1.423716731997078,['HKDC1'],0.6098820369533782,0,0,1
4,Estrogen Response Early,0.4488788928035106,1.7774193548387096,1.423716731997078,['SLC1A1'],0.6098820369533782,0,0,1
5,p53 Pathway,0.5225559152224842,1.415483870967742,0.9186819933414194,['GLS2'],0.6098820369533782,0,0,1
6,Epithelial Mesenchymal Transition,0.6098820369533782,1.0987903225806452,0.5433405217635721,['TNFRSF11B'],0.6098820369533782,0,0,1
