Rank,Term name,P-value,Z-score,Combined score,Overlapping genes,Adjusted p-value,Old p-value,Old adjusted p-value,gene count
1,NFKB1 human,0.4482200468374353,1.7146640185369084,1.3759681344928552,['CD74'],0.4510814754923501,0,0,1
2,RELA human,0.4510814754923501,1.6995898277276456,1.35305586988281,['CD74'],0.4510814754923501,0,0,1
