Rank,Term name,P-value,Z-score,Combined score,Overlapping genes,Adjusted p-value,Old p-value,Old adjusted p-value,gene count
1,Herpes simplex virus 1 infection,0.024732668294717538,9.971721111652853,36.89168162956695,"['CD74', 'ZNF267']",0.0759216915168757,0,0,2
2,Antigen processing and presentation,0.030368676606750276,37.44285714285714,130.83820734478192,['CD74'],0.0759216915168757,0,0,1
3,Tuberculosis,0.07038601102554713,15.52827380952381,41.208323435848015,['CD74'],0.11731001837591189,0,0,1
4,Amyotrophic lateral sclerosis,0.19244916775587984,5.220020325203252,8.602192722250546,['NEFH'],0.2405614596948498,0,0,1
5,Pathways of neurodegeneration,0.24062599313777805,4.035996835443038,5.749323690621904,['NEFH'],0.24062599313777805,0,0,1
