Rank,Term name,P-value,Z-score,Combined score,Overlapping genes,Adjusted p-value,Old p-value,Old adjusted p-value,gene count
1,Interferon Alpha Response,0.0394830442364968,28.45923913043478,91.97695843295989,['CD74'],0.07677812478188546,0,0,1
2,Spermatogenesis,0.05423328855272182,20.419921875,59.513053249583336,['NEFH'],0.07677812478188546,0,0,1
3,Allograft Rejection,0.05910509823664443,18.65892857142857,52.775624359265386,['CD74'],0.07677812478188546,0,0,1
4,Interferon Gamma Response,0.07677812478188546,14.16711956521739,36.36466561649913,['CD74'],0.07677812478188546,0,0,1
5,Apoptosis,0.07677812478188546,14.16711956521739,36.36466561649913,['NEFH'],0.07677812478188546,0,0,1
