Rank,Term name,P-value,Z-score,Combined score,Overlapping genes,Adjusted p-value,Old p-value,Old adjusted p-value,gene count
1,Allograft Rejection,0.004241901277040592,24.518939393939394,133.94068160316073,"['CD74', 'NLRP3']",0.033935210216324736,0,0,2
2,Angiogenesis,0.02946276917893626,38.732142857142854,136.5163903509984,['PDGFA'],0.11785107671574505,0,0,1
3,Interferon Alpha Response,0.050557311795601606,21.653333333333332,64.62757151240612,['CD74'],0.13466373854433347,0,0,1
4,Spermatogenesis,0.07122793762830039,15.011574074074074,39.6586295274609,['NEFH'],0.13466373854433347,0,0,1
5,Inflammatory Response,0.08416483659020842,12.554263565891473,31.071526918356486,['NLRP3'],0.13466373854433347,0,0,1
6,Interferon Gamma Response,0.10775022550366095,9.620535714285714,21.43397111686515,['CD74'],0.14343989489716627,0,0,1
7,Apoptosis,0.1255099080350205,8.150252525252526,16.914794270057378,['NEFH'],0.14343989489716627,0,0,1
8,p53 Pathway,0.14639063370930902,6.8835470085470085,13.226574893576231,['PDGFA'],0.14639063370930902,0,0,1
