"Term.name","P.value","Z.score","Combined.score","Overlapping.genes","Adjusted.p.value","Old.p.value","Old.adjusted.p.value","gene.count","TF_NAME","FDR","cycling_in_CTL_BHQ","cycling_in_AD_BHQ","DR_AR1_BHQ","DR_AR1_mthd2_BHQ","DR_logAmpRatio","diff_mesor_BHQ","edgeR_DE_BHQ","cycling_PRTN_CTL_BHQ","cycling_PRTN_AD_BHQ","DR_PRTN_BHQ","DM_PRTN_BHQ"
"RFX5",0.0216853764429724,54.2583333333333,207.870030942887,"['CD74']",0.052330299951314,0,0,1,"RFX5",0.052330299951314,3.29331172135867e-07,3.02004030925734e-08,0.739683224807664,0.73500777776482,0.41780530450916,0.527119461348527,0.779881123916418,NA,NA,NA,NA
"NFYA",0.0275237894341844,41.7179487179487,149.880265340962,"['CD74']",0.052330299951314,0,0,1,"NFYA",0.052330299951314,0.79309136288233,0.586124078651499,NA,NA,NA,0.312810254359212,0.170859307750761,NA,NA,NA,NA
"NOD2",0.0313981799707884,36.1444444444444,125.096115611683,"['NLRP3']",0.052330299951314,0,0,1,"NOD2",0.052330299951314,NA,NA,NA,NA,NA,NA,NA,NA,NA,NA,NA
"CREB1",0.0878304228752247,11.9925925925926,29.1701506486827,"['CD74']",0.109788028594031,0,0,1,"CREB1",0.109788028594031,0.55850685163635,0.261753176923132,NA,NA,NA,0.79898290658089,0.653923347286415,0.347169342748563,0.747950401575455,NA,0.529142979951732
"ESR2",0.234781509093784,4.0334595959596,5.84488608213083,"['NEFH']",0.234781509093784,0,0,1,"ESR2",0.234781509093784,0.0289274666937066,0.00478127238691559,0.728419753332237,0.724058229515651,0.53274516793089,0.945799290110007,0.466585208477006,NA,NA,NA,NA
