Rank,Term name,P-value,Z-score,Combined score,Overlapping genes,Adjusted p-value,Old p-value,Old adjusted p-value,gene count
1,Pperoxisome,0.15522199271604595,7.014285714285714,13.066905671902791,['ABCB4'],0.4492147835613361,0,0,1
2,Xenobiotic Metabolism,0.2402756822087146,4.070833333333334,5.804879446654148,['SLC6A6'],0.4492147835613361,0,0,1
3,IL-6/JAK/STAT3 Signaling,0.317134171971475,2.8588235294117648,3.283159675657185,['LTBR'],0.4492147835613361,0,0,1
4,Epithelial Mesenchymal Transition,0.331589978940731,2.6972222222222224,2.9773451396738797,['P3H1'],0.4492147835613361,0,0,1
5,mTORC1 Signaling,0.4371914291311778,1.851923076923077,1.5322517580340433,['SLC6A6'],0.4492147835613361,0,0,1
6,Hypoxia,0.4492147835613361,1.7814814814814814,1.4256379412084186,['SLC6A6'],0.4492147835613361,0,0,1
