Rank,Term name,P-value,Z-score,Combined score,Overlapping genes,Adjusted p-value,Old p-value,Old adjusted p-value,gene count
1,Regulation Of Oxidative Phosphorylation (GO:0002082),0.002229717562767891,976.8181818181819,5964.334946769137,['COX7A1'],0.0048308322731963945,0,0,1
2,Regulation Of Aerobic Respiration (GO:1903715),0.0024154161365981973,895.3333333333334,5395.174533518244,['COX7A1'],0.0048308322731963945,0,0,1
3,Mitochondrion Organization (GO:0007005),0.02053014440358098,96.78181818181818,376.0806941553702,['COX7A1'],0.027373525871441307,0,0,1
4,Protein-Containing Complex Assembly (GO:0065003),0.03756720994475303,51.98522167487685,170.59593471841492,['COX7A1'],0.03756720994475303,0,0,1
