Rank,Term name,P-value,Z-score,Combined score,Overlapping genes,Adjusted p-value,Old p-value,Old adjusted p-value,gene count
1,Selenium Micronutrient Network WP15,0.0074227602713072775,274.79487179487177,1347.3753933642668,['SELENOH'],0.020898105333811024,0,0,1
2,Electron Transport Chain (OXPHOS system in mitochondria) WP111,0.014633370532444442,136.89743589743588,578.3164696569506,['COX7A1'],0.020898105333811024,0,0,1
3,Nonalcoholic fatty liver disease WP4396,0.020898105333811024,95.03571428571429,367.60734022400595,['COX7A1'],0.020898105333811024,0,0,1
