Rank,Term name,P-value,Z-score,Combined score,Overlapping genes,Adjusted p-value,Old p-value,Old adjusted p-value,gene count
1,Myogenesis,0.08925123646328861,4.541666666666667,10.974029187049435,"['FLII', 'FGF2']",0.4283007048033214,0,0,2
2,Epithelial Mesenchymal Transition,0.10707517620083035,4.02880658436214,9.001256804900809,"['P3H1', 'FGF2']",0.4283007048033214,0,0,2
3,Apical Junction,0.22823571006911977,4.415178571428571,6.522880481729455,['SGCE'],0.45647142013823955,0,0,1
4,Pperoxisome,0.22823571006911977,4.415178571428571,6.522880481729455,['ABCB4'],0.45647142013823955,0,0,1
5,Xenobiotic Metabolism,0.3323651326148014,2.7032967032967035,2.977738405189412,['SLC6A6'],0.5317842121836822,0,0,1
6,IL-6/JAK/STAT3 Signaling,0.4228653382453789,1.9424603174603174,1.6718785087760102,['LTBR'],0.5638204509938385,0,0,1
7,Hypoxia,0.5696794225178403,1.2359693877551021,0.6954571004098613,['SLC6A6'],0.5696794225178403,0,0,1
8,mTORC1 Signaling,0.5696794225178403,1.2359693877551021,0.6954571004098613,['SLC6A6'],0.5696794225178403,0,0,1
