"Term.name","P.value","Z.score","Combined.score","Overlapping.genes","Adjusted.p.value","Old.p.value","Old.adjusted.p.value","gene.count","TF_NAME","FDR","cycling_in_CTL_BHQ","cycling_in_AD_BHQ","DR_AR1_BHQ","DR_AR1_mthd2_BHQ","DR_logAmpRatio","diff_mesor_BHQ","edgeR_DE_BHQ","cycling_PRTN_CTL_BHQ","cycling_PRTN_AD_BHQ","DR_PRTN_BHQ","DM_PRTN_BHQ"
"BATF",0.108508306766722,11.8333333333333,26.2809878282979,"['TEF']",0.520735770482853,0,0,1,"BATF",0.520735770482853,NA,NA,NA,NA,NA,NA,NA,NA,NA,NA,NA
"SIRT3",0.250242724276294,3.92063492063492,5.43134939607182,"['TMUB1']",0.520735770482853,0,0,1,"SIRT3",0.520735770482853,0.132750370445509,0.470811086677859,NA,NA,NA,0.620868092106172,0.593691933291562,0.669798001877165,0.757427592038173,NA,0.41319283141877
"EP300",0.259923757315119,2.1638608305275,2.91551452864536,"['FLII', 'CAMK1G']",0.520735770482853,0,0,2,"EP300",0.520735770482853,0.00137935410037061,0.00217961152421708,NA,NA,NA,0.885644970407536,0.955136952695074,NA,NA,NA,NA
"MYC",0.276885952659381,1.74007444168734,2.23451586490131,"['TUBB3', 'KIAA0319', 'CAMK1G']",0.520735770482853,0,0,3,"MYC",0.520735770482853,NA,NA,NA,NA,NA,NA,NA,NA,NA,NA,NA
"BRCA1",0.405769450479405,2.05882352941176,1.85699734012825,"['FLII']",0.520735770482853,0,0,1,"BRCA1",0.520735770482853,0.615379332112316,0.934795405726208,NA,NA,NA,0.828905404745995,0.660448460918835,NA,NA,NA,NA
"RAD21",0.439485868446061,1.83834586466165,1.51139553068878,"['THSD7A']",0.520735770482853,0,0,1,"RAD21",0.520735770482853,0.958751054014844,0.718490188319053,NA,NA,NA,0.821836716298481,0.715242972394695,0.22153079400454,0.862931513462543,NA,0.337153317938522
"SP1",0.455643799172496,1.74464285714286,1.37136590499199,"['TUBB3']",0.520735770482853,0,0,1,"SP1",0.520735770482853,0.350641026719462,0.5948985282725,NA,NA,NA,0.795859038015992,0.990675830657532,NA,NA,NA,NA
"ESR1",0.669289619036835,0.885040885040885,0.355377900184064,"['TUBB3', 'FLII']",0.669289619036835,0,0,2,"ESR1",0.669289619036835,0.167948586731554,0.494487065348327,NA,NA,NA,0.498791826214212,0.619239794376691,NA,NA,NA,NA
