Rank,Term name,P-value,Z-score,Combined score,Overlapping genes,Adjusted p-value,Old p-value,Old adjusted p-value,gene count
1,Oxidative Phosphorylation,1.7972593553367204e-08,17.24,307.4653632120097,"['NDUFA5', 'UQCRQ', 'NDUFB2', 'NDUFA1', 'COX7A2', 'UQCR11', 'UQCR10', 'COX5B', 'ATP5MG']",1.4378074842693763e-07,0,0,9
2,Adipogenesis,0.00021746254633083571,10.369,87.44679479801792,"['NDUFA5', 'UQCRQ', 'DDT', 'UQCR11', 'UQCR10']",0.0008698501853233429,0,0,5
3,DNA Repair,0.010069337590505259,7.277310924369748,33.462970313820044,"['VPS37B', 'POLR2I', 'POLR2K']",0.026851566908014022,0,0,3
4,Myc Targets V1,0.03259493267761637,4.584294587400177,15.694783807222208,"['HDDC2', 'MRPS18B', 'RPS10']",0.06518986535523275,0,0,3
5,Reactive Oxygen Species Pathway,0.15031377939702456,6.423218673218673,12.17219405511926,['ATOX1'],0.2405020470352393,0,0,1
6,Myogenesis,0.3605893977727043,2.2928067078552514,2.3386980830792705,['COX7A1'],0.3605893977727043,0,0,1
7,Xenobiotic Metabolism,0.3605893977727043,2.2928067078552514,2.3386980830792705,['DDT'],0.3605893977727043,0,0,1
8,Complement,0.3605893977727043,2.2928067078552514,2.3386980830792705,['ATOX1'],0.3605893977727043,0,0,1
