Rank,Term name,P-value,Z-score,Combined score,Overlapping genes,Adjusted p-value,Old p-value,Old adjusted p-value,gene count
1,POU2F1 mouse,0.011267389982396835,144.0909090909091,646.3691336043202,['IRF3'],0.04506955992958734,0,0,1
2,HDAC1 human,0.05518329994536374,20.506493506493506,59.40925793283663,['PSIP1'],0.08783895186356602,0,0,1
3,E2F1 human,0.06587921389767452,16.871657754010695,45.88976698226457,['IRF3'],0.08783895186356602,0,0,1
4,SP1 human,0.27486415735949155,3.383351588170865,4.369525078218557,['PSIP1'],0.27486415735949155,0,0,1
