Rank,Term name,P-value,Z-score,Combined score,Overlapping genes,Adjusted p-value,Old p-value,Old adjusted p-value,gene count
1,HOXA10 human,0.0042894768361600825,332.10714285714283,1810.51214600892,['IL15'],0.01200152849995595,0,0,1
2,IRF3 human,0.006000764249977975,221.35714285714286,1132.4340217465594,['TNPO1'],0.01200152849995595,0,0,1
3,MYB human,0.011119204776971533,110.60714285714286,497.6305508135213,['IL15'],0.014825606369295377,0,0,1
4,NFKB1 mouse,0.07076602756144236,15.678571428571429,41.522755894039115,['IL15'],0.07076602756144236,0,0,1
