Rank,Term name,P-value,Z-score,Combined score,Overlapping genes,Adjusted p-value,Old p-value,Old adjusted p-value,gene count
1,ATR Signaling WP3875,0.003754096098187015,387.5,2164.151750128746,['RAD9A'],0.026278672687309105,0,0,1
2,ATM Signaling Pathway WP2516,0.019389832698698158,61.86,243.91437825410992,['RAD9A'],0.042600646688164705,0,0,1
3,DNA damage response WP707,0.02969641518323076,39.5940170940171,139.24142581922237,['RAD9A'],0.042600646688164705,0,0,1
4,DNA IR-double strand breaks and cellular response via ATM WP3959,0.030429033348689075,38.6,134.80502196403805,['RAD9A'],0.042600646688164705,0,0,1
5,miRNA regulation of DNA damage response WP1530,0.030429033348689075,38.6,134.80502196403805,['RAD9A'],0.042600646688164705,0,0,1
6,DNA IR-damage and cellular response via ATR WP4016,0.039183540383377645,29.653846153846153,96.06359038793596,['RAD9A'],0.045714130447273925,0,0,1
7,Androgen receptor signaling pathway WP138,0.05218824059375106,21.985714285714284,64.92157362161932,['RAD9A'],0.05218824059375106,0,0,1
