Rank,Term name,P-value,Z-score,Combined score,Overlapping genes,Adjusted p-value,Old p-value,Old adjusted p-value,gene count
1,Axon (GO:0030424),0.104079781930751,10.601851851851851,23.98772391931813,['ELAVL4'],0.32441693184339565,0,0,1
2,Dendrite (GO:0030425),0.12976677273735826,8.353479853479854,17.05794365679103,['ELAVL4'],0.32441693184339565,0,0,1
3,Neuron Projection (GO:0043005),0.22992006810048438,4.394117647058824,6.459456468606807,['ELAVL4'],0.3832001135008073,0,0,1
4,Nucleus (GO:0005634),0.3278733749513256,1.8469482694454782,2.0595833550882334,"['CALCOCO1', 'HMGN2', 'RAD9A']",0.40984171868915703,0,0,3
5,Intracellular Membrane-Bounded Organelle (GO:0043231),0.42968462104549765,1.4995164410058026,1.266647204123151,"['CALCOCO1', 'HMGN2', 'RAD9A']",0.42968462104549765,0,0,3
