Rank,Term name,P-value,Z-score,Combined score,Overlapping genes,Adjusted p-value,Old p-value,Old adjusted p-value,gene count
1,NOTCH1,0.008534226249573227,18.235528942115767,86.86805278731393,"['CACNA1A', 'TNPO1']",0.04267113124786614,0,0,2
2,KDM5B,0.032198709413847205,35.77606177606177,122.92042724849894,['CACNA1A'],0.07305106821078432,0,0,1
3,STAT5B,0.04383064092647059,25.915966386554622,81.05016709955902,['IL15'],0.07305106821078432,0,0,1
4,FOXP3,0.21748807627445152,4.603571428571429,7.023260369354142,['TNPO1'],0.2718600953430644,0,0,1
5,MYC,0.461010875660807,1.7804424229894562,1.3786564707653692,['TNPO1'],0.461010875660807,0,0,1
