Rank,Term name,P-value,Z-score,Combined score,Overlapping genes,Adjusted p-value,Old p-value,Old adjusted p-value,gene count
1,Interferon Alpha Response,0.055340065293841265,20.303296703296702,58.76298144286903,['IL15'],0.10125709416879544,0,0,1
2,Epithelial Mesenchymal Transition,0.06267480442434512,17.816602316602317,49.34834947245645,['IL15'],0.10125709416879544,0,0,1
3,UV Response Dn,0.08119321322489902,13.558173784977908,34.043538750353,['CACNA1A'],0.10125709416879544,0,0,1
4,Inflammatory Response,0.0819910468516028,13.418367346938776,33.56128538241237,['IL15'],0.10125709416879544,0,0,1
5,Allograft Rejection,0.08438091180732954,13.015558698727016,32.179850408518064,['IL15'],0.10125709416879544,0,0,1
6,Interferon Gamma Response,0.10486610101546474,10.321709786276715,23.27618811057803,['IL15'],0.10486610101546474,0,0,1
