Rank,Term name,P-value,Z-score,Combined score,Overlapping genes,Adjusted p-value,Old p-value,Old adjusted p-value,gene count
1,EP300,0.020140268178304905,11.882508250825083,46.401599628715076,"['CALCOCO1', 'HMGN2']",0.08056107271321962,0,0,2
2,NR3C1,0.1344290589530108,8.037918871252204,16.12984180110185,['RAD9A'],0.19624191650086528,0,0,1
3,AR,0.15090574668440376,7.079439252336448,13.387926375087666,['RAD9A'],0.19624191650086528,0,0,1
4,CTNNB1,0.19624191650086528,5.2742690058479536,8.588657164852943,['CALCOCO1'],0.19624191650086528,0,0,1
