Rank,Term name,P-value,Z-score,Combined score,Overlapping genes,Adjusted p-value,Old p-value,Old adjusted p-value,gene count
1,FOXF2 human,0.016719710546278844,90.23275862068965,369.1572828811216,['PDGFA'],0.06669498650118595,0,0,1
2,NFIC mouse,0.022231662167061985,60.14942528735632,228.94301512159672,['PDGFA'],0.06669498650118595,0,0,1
3,KLF5 mouse,0.022231662167061985,60.14942528735632,228.94301512159672,['PDGFA'],0.06669498650118595,0,0,1
4,HOXB7 human,0.03858592536556209,30.066091954022987,97.86115147135314,['PDGFA'],0.0868183320725147,0,0,1
5,FOXO1 human,0.07049188124378139,15.024425287356323,39.84864818920118,['PDGFA'],0.12688538623880652,0,0,1
6,WT1 human,0.13609315238688094,7.2027586206896554,14.365294758951201,['PDGFA'],0.20413972858032142,0,0,1
7,TP53 human,0.41839392454912055,1.8827586206896552,1.6405076217554126,['SIAH1'],0.4808175779892912,0,0,1
8,NFKB1 human,0.4778591372798816,1.5660919540229885,1.1564638177676951,['CD74'],0.4808175779892912,0,0,1
9,RELA human,0.4808175779892912,1.5523238380809594,1.1367160423770108,['CD74'],0.4808175779892912,0,0,1
