Rank,Term name,P-value,Z-score,Combined score,Overlapping genes,Adjusted p-value,Old p-value,Old adjusted p-value,gene count
1,Positive Regulation Of Calcium Ion Transmembrane Transport (GO:1904427),0.00318371047683304,716.1428571428571,4117.612276025966,['NPSR1'],0.008743032956243318,0,0,1
2,Positive Regulation Of Release Of Sequestered Calcium Ion Into Cytosol (GO:0051281),0.0051709648345217955,417.3333333333333,2197.133124869533,['NPSR1'],0.008743032956243318,0,0,1
3,Regulation Of Release Of Sequestered Calcium Ion Into Cytosol (GO:0051279),0.007156239446289263,294.29411764705884,1453.7454456984824,['NPSR1'],0.008743032956243318,0,0,1
4,Neuropeptide Signaling Pathway (GO:0007218),0.008743032956243318,238.04761904761904,1128.2262451717274,['NPSR1'],0.008743032956243318,0,0,1
