Rank,Term name,P-value,Z-score,Combined score,Overlapping genes,Adjusted p-value,Old p-value,Old adjusted p-value,gene count
1,hsa-miR-4511,0.0049504285337148,inf,inf,['LAMA2'],0.018481686851387902,0,0,1
2,hsa-miR-4452,0.007920703666420548,inf,inf,['LAMA2'],0.018481686851387902,0,0,1
3,hsa-miR-580-3p,0.007920703666420548,inf,inf,['LAMA2'],0.018481686851387902,0,0,1
4,hsa-miR-3133,0.010890983017821676,inf,inf,['LAMA2'],0.018481686851387902,0,0,1
5,hsa-miR-183-3p,0.011881076796022244,inf,inf,['LAMA2'],0.018481686851387902,0,0,1
6,hsa-miR-539-5p,0.013861265138540928,inf,inf,['LAMA2'],0.018481686851387902,0,0,1
7,hsa-miR-29a-3p,0.016831549270112475,inf,inf,['LAMA2'],0.018811739576929352,0,0,1
8,hsa-miR-29b-3p,0.018811739576929352,inf,inf,['LAMA2'],0.018811739576929352,0,0,1
