Rank,Term name,P-value,Z-score,Combined score,Overlapping genes,Adjusted p-value,Old p-value,Old adjusted p-value,gene count
1,E2F Targets,0.10073577261424259,10.58922558922559,24.304965597774114,['PSIP1'],0.16799541396456227,0,0,1
2,UV Response Up,0.12442149663723205,8.390374331550802,17.486213946771333,['CYB5B'],0.16799541396456227,0,0,1
3,Apical Junction,0.12775808805624805,8.148051948051949,16.765568089206997,['SGCE'],0.16799541396456227,0,0,1
4,Xenobiotic Metabolism,0.1343963311716498,7.702702702702703,15.459032770061219,['COMT'],0.16799541396456227,0,0,1
5,mTORC1 Signaling,0.21052369966918685,4.636363636363637,7.224182661768297,['CYB5B'],0.21052369966918685,0,0,1
