Rank,Term name,P-value,Z-score,Combined score,Overlapping genes,Adjusted p-value,Old p-value,Old adjusted p-value,gene count
1,NFE2L2 mouse,0.19115133816133006,5.705882352941177,9.441465433725545,['MGST1'],0.7254412355858597,0,0,1
2,TP53 human,0.39165734701684346,2.176470588235294,2.040153743506527,['NME1'],0.7254412355858597,0,0,1
3,STAT3 human,0.5094382944129481,1.479876160990712,0.998097361937947,['NME1'],0.7254412355858597,0,0,1
4,SP1 mouse,0.6582979001345991,0.9594320486815415,0.4011363466220066,['MGST1'],0.7254412355858597,0,0,1
5,SP1 human,0.7254412355858597,0.7899159663865546,0.2535434419623869,['MMRN1'],0.7254412355858597,0,0,1
