Rank,Term name,P-value,Z-score,Combined score,Overlapping genes,Adjusted p-value,Old p-value,Old adjusted p-value,gene count
1,p53 Pathway,0.04191773106687082,4.222982216142271,13.395495391329883,"['RNF19B', 'RPL18', 'RPS12']",0.32031730074844544,0,0,3
2,Myc Targets V1,0.07118162238854343,3.3510174418604652,8.855132642526899,"['SNRPD1', 'RPL34', 'RPL18']",0.32031730074844544,0,0,3
3,Epithelial Mesenchymal Transition,0.4007641109236938,2.0287581699346404,1.8550605145507533,['PPIB'],0.5601610902885832,0,0,1
4,Androgen Response,0.4007641109236938,2.0287581699346404,1.8550605145507533,['GPD1L'],0.5601610902885832,0,0,1
5,G2-M Checkpoint,0.40951762010985615,1.9701587301587302,1.7589091464516557,['SNRPD1'],0.5601610902885832,0,0,1
6,Mitotic Spindle,0.45947135537422007,1.678590785907859,1.3054042629765616,['CEP250'],0.5601610902885832,0,0,1
7,Allograft Rejection,0.45947135537422007,1.678590785907859,1.3054042629765616,['RPL9'],0.5601610902885832,0,0,1
8,TNF-alpha Signaling via NF-kB,0.49792096914540723,1.493719806763285,1.0415916004613872,['RNF19B'],0.5601610902885832,0,0,1
9,Oxidative Phosphorylation,0.7467752452365062,0.7357487922705314,0.21483203711526555,['NDUFS6'],0.7467752452365062,0,0,1
