Rank,Term name,P-value,Z-score,Combined score,Overlapping genes,Adjusted p-value,Old p-value,Old adjusted p-value,gene count
1,Regulation Of Oxidative Phosphorylation (GO:0002082),0.003342873994031759,488.3636363636364,2784.1241533969314,['COX7A1'],0.007242223200736801,0,0,1
2,Regulation Of Aerobic Respiration (GO:1903715),0.0036211116003684006,447.625,2516.0885889680417,['COX7A1'],0.007242223200736801,0,0,1
3,Mitochondrion Organization (GO:0007005),0.030638062050256033,48.38636363636363,168.65126004831762,['COX7A1'],0.04085074940034138,0,0,1
4,Protein-Containing Complex Assembly (GO:0065003),0.055820817410675135,25.99014778325123,74.99738895013681,['COX7A1'],0.055820817410675135,0,0,1
