Rank,Term name,P-value,Z-score,Combined score,Overlapping genes,Adjusted p-value,Old p-value,Old adjusted p-value,gene count
1,E2F Targets,0.0002426071862033524,32.27922077922078,268.69439454630697,"['DNMT1', 'MSH2', 'PSIP1']",0.0014556431172201144,0,0,3
2,Pperoxisome,0.1146211929588314,9.104395604395604,19.721236731747005,['MSH2'],0.17715879378709895,0,0,1
3,Apical Junction,0.14402169873810772,7.064102564102564,13.688756526888533,['SGCE'],0.17715879378709895,0,0,1
4,UV Response Up,0.14402169873810772,7.064102564102564,13.688756526888533,['CYB5B'],0.17715879378709895,0,0,1
5,Xenobiotic Metabolism,0.1476323281559158,6.871101871101871,13.144626522843122,['COMT'],0.17715879378709895,0,0,1
6,mTORC1 Signaling,0.236690030606535,4.003663003663004,5.769293928955906,['CYB5B'],0.236690030606535,0,0,1
