Rank,Term name,P-value,Z-score,Combined score,Overlapping genes,Adjusted p-value,Old p-value,Old adjusted p-value,gene count
1,Regulation Of Oxidative Phosphorylation (GO:0002082),0.0022438937657031748,970.6363636363636,5920.4378820421325,['COX7A1'],0.0048615445238224374,0,0,1
2,Regulation Of Aerobic Respiration (GO:1903715),0.0024307722619112187,889.6666666666666,5355.389663864931,['COX7A1'],0.0048615445238224374,0,0,1
3,Mitochondrion Organization (GO:0007005),0.020289716493441794,97.96296296296296,381.824470522912,['COX7A1'],0.027052955324589057,0,0,1
4,Protein-Containing Complex Assembly (GO:0065003),0.03743679603359719,52.17412935323383,171.3972953156286,['COX7A1'],0.03743679603359719,0,0,1
