Rank,Term name,P-value,Z-score,Combined score,Overlapping genes,Adjusted p-value,Old p-value,Old adjusted p-value,gene count
1,NFKB1 human,0.4535805878499564,1.6865647364996748,1.333368267659039,['CD74'],0.4564117706287254,0,0,1
2,RELA human,0.4564117706287254,1.671988388969521,1.3114405973655745,['CD74'],0.4564117706287254,0,0,1
