Rank,Term name,P-value,Z-score,Combined score,Overlapping genes,Adjusted p-value,Old p-value,Old adjusted p-value,gene count
1,Spermatogenesis,0.03778606048390469,33.6,110.0673844917744,['ARL4A'],0.11247411521671782,0,0,1
2,Allograft Rejection,0.06882251245094155,17.434782608695652,46.659390132849346,['RPL9'],0.11247411521671782,0,0,1
3,IL-2/STAT5 Signaling,0.09359128663853407,12.475,29.551004441474028,['ARL4A'],0.11247411521671782,0,0,1
4,Adipogenesis,0.10442202481180367,11.066666666666666,25.003082239031123,['ARL4A'],0.11247411521671782,0,0,1
5,Interferon Gamma Response,0.11247411521671782,10.2,22.287328141897213,['ARL4A'],0.11247411521671782,0,0,1
