Rank,Term name,P-value,Z-score,Combined score,Overlapping genes,Adjusted p-value,Old p-value,Old adjusted p-value,gene count
1,KLF4 human,0.053191271044832344,inf,inf,['IFITM3'],0.2213379285610369,0,0,1
2,PAX3 mouse,0.053191271044832344,inf,inf,['ST8SIA2'],0.2213379285610369,0,0,1
3,MYB mouse,0.10362040549353242,18.23076923076923,41.329536771217285,['IGFBP5'],0.2213379285610369,0,0,1
4,MYBL2 mouse,0.10362040549353242,18.23076923076923,41.329536771217285,['IGFBP5'],0.2213379285610369,0,0,1
5,RUNX2 mouse,0.15142724885751088,9.102564102564102,17.182454899997587,['NR2F2'],0.2213379285610369,0,0,1
6,ETS1 mouse,0.15142724885751088,9.102564102564102,17.182454899997587,['NR2F2'],0.2213379285610369,0,0,1
7,STAT3 mouse,0.19674482538758836,6.05982905982906,9.8523590937146,['IGFBP5'],0.2213379285610369,0,0,1
8,TFAP2A human,0.19674482538758836,6.05982905982906,9.8523590937146,['IGFBP5'],0.2213379285610369,0,0,1
9,SP1 human,0.6505874733463305,0.9886039886039886,0.4249806072312783,['ARF6'],0.6505874733463305,0,0,1
