Rank,Term name,P-value,Z-score,Combined score,Overlapping genes,Adjusted p-value,Old p-value,Old adjusted p-value,gene count
1,Xenobiotic Metabolism,0.34721951820862196,2.533333333333333,2.6797551404012774,['ARG2'],0.6177545505407926,0,0,1
2,Apical Junction,0.36451538332635086,2.372916666666667,2.394715523787117,['TNFRSF11B'],0.6177545505407926,0,0,1
3,KRAS Signaling Up,0.42936910124889566,1.8916666666666666,1.5992875531606368,['HKDC1'],0.6177545505407926,0,0,1
4,Estrogen Response Early,0.42936910124889566,1.8916666666666666,1.5992875531606368,['SLC1A1'],0.6177545505407926,0,0,1
5,p53 Pathway,0.5147954587839939,1.4474358974358974,0.9610766284563653,['GLS2'],0.6177545505407926,0,0,1
6,Epithelial Mesenchymal Transition,0.6403851250556453,1.0072072072072071,0.4488976736457208,['TNFRSF11B'],0.6403851250556453,0,0,1
