"Term.name","P.value","Z.score","Combined.score","Overlapping.genes","Adjusted.p.value","Old.p.value","Old.adjusted.p.value","gene.count","TF_NAME","FDR","cycling_in_CTL_BHQ","cycling_in_AD_BHQ","DR_AR1_BHQ","DR_AR1_mthd2_BHQ","DR_logAmpRatio","diff_mesor_BHQ","edgeR_DE_BHQ","cycling_PRTN_CTL_BHQ","cycling_PRTN_AD_BHQ","DR_PRTN_BHQ","DM_PRTN_BHQ"
"STAT5A",0.0161443683143095,101.05,416.950893332944,"['PAK1']",0.0750557132411712,0,0,1,"STAT5A",0.0750557132411712,0.874220950404227,0.71890158976562,NA,NA,NA,0.717099037691745,0.53734134158402,NA,NA,NA,NA
"SMAD1",0.0292234699089221,52.9473684210526,187.051569858964,"['PAK1']",0.0750557132411712,0,0,1,"SMAD1",0.0750557132411712,2.32778590680942e-07,0.00028674681829883,0.945516648368392,0.94531613854926,0.013337794550583,0.972676494306857,0.985949170495384,NA,NA,NA,NA
"SMAD4",0.0335572747162702,45.6590909090909,154.98985746459,"['PAK1']",0.0750557132411712,0,0,1,"SMAD4",0.0750557132411712,0.0378972595431532,0.321438176740186,NA,NA,NA,0.395989115673251,0.509825714364303,0.000285580676067794,0.720856604656473,0.106149133666663,0.004162226266235
"HDAC2",0.0479101136021966,31.234375,94.9034200813469,"['PAK1']",0.0750557132411712,0,0,1,"HDAC2",0.0750557132411712,0.210614066079154,0.353219942818163,NA,NA,NA,0.95129793076741,0.858678313973177,0.883405270734365,0.79802754786512,NA,0.926609565227931
"AR",0.0536112237436937,27.7083333333333,81.0744956260091,"['PAK1']",0.0750557132411712,0,0,1,"AR",0.0750557132411712,0.404742711991442,0.595768044061377,NA,NA,NA,0.395358032228493,0.66748420512025,NA,NA,NA,NA
"SMAD2",0.0747876654079445,19.4117647058824,50.3366918720989,"['PAK1']",0.0872522763092686,0,0,1,"SMAD2",0.0872522763092686,0.00131228916154303,0.100702571191695,NA,NA,NA,0.146768931990806,0.272346881248278,0.830051986107653,0.884565743562638,NA,0.522059167688065
"ESR1",0.216756456215496,5.92721518987342,9.06259868098079,"['PAK1']",0.216756456215496,0,0,1,"ESR1",0.216756456215496,0.0357844279284302,0.916583324296879,0.780732418870906,NA,-0.902121087667251,0.66943771007318,0.481566284214177,NA,NA,NA,NA
