pathway,pval,padj,log2err,ES,NES,size,leadingEdge
sleep_No_Change_wake_No Change,0.0259659326963025,0.233693394266722,0.128489714653408,-0.625066092993299,-1.62314500595391,12,FAU|RPS18|GLRX|RPL17|SOD2|IER5L|ROM1|SLC7A10
sleep_DOWN_wake_No_Change,0.200382043935053,0.431988472622478,0.0421540671353264,0.406797334954863,1.22439836774668,22,ZFY|RGS17|PCDH8|SLC5A3
All_DE_sleep_wake_genes,0.207687267962437,0.431988472622478,0.0445155648828312,-0.267557539252817,-1.13285520703519,109,RASGEF1B|RND3|FAU|RPL7A|NT5C|GALK1|RPS18|FNDC4|FABP5|GLRX|DHCR7|MSMO1|RPL17|CD9|HSPH1|RPS10|PRSS23|CALB1|LXN|VASN|TMSB10|SOD2|SPRED3|SERPINH1|LDLR|GADD45A|HHATL|P2RY12|IER5L|CDKN1A|RAB11A|ROM1|TNFRSF10B|SLC7A10|TLCD1|ELL2|CDC7|CRISPLD1|SERPINB1|P4HA2|DYRK3|SHC1|IL1RAP|COL4A1|SPAG1
sleep_No_Change_wake_DOWN,0.215200503884107,0.431988472622478,0.0427020872196148,-0.424314624927482,-1.21130980556687,17,GLRX|DHCR7|MSMO1|CD9|CALB1|LXN|P2RY12
sleep_UP_wake_UP,0.269311502938707,0.431988472622478,0.037613471209552,-0.476913066179247,-1.17505313002734,10,RPL7A|PRSS23|CDKN1A|TNFRSF10B|DYRK3
sleep_No_Change_wake_UP,0.287992315081652,0.431988472622478,0.0343633779743859,0.434203706440314,1.15373682117122,14,ZFY|SLC38A2|LRATD1
sleep_UP_wake_No_Change,0.51710388247639,0.625414250207125,0.025234032164571,-0.338604638530611,-0.952329300638931,16,NT5C|GALK1|RPS18|FABP5|RPS10|TMSB10|HHATL|RAB11A|TLCD1
sleep_UP_wake_DOWN,0.555923777961889,0.625414250207125,0.0238220650489235,-0.385958470888111,-0.923431720480087,9,RASGEF1B|FNDC4
sleep_DOWN_wake_DOWN,0.682952400922625,0.682952400922625,0.0207609354900429,-0.284243298537259,-0.845239624428685,20,RND3|FNDC4|SERPINH1|GADD45A|CDC7|SERPINB1|COL4A1|SPAG1|ELK3
