pathway,pval,padj,log2err,ES,NES,size,leadingEdge
sleep_UP_wake_No_Change,0.0886911308869113,0.556744325567443,0.0462571422572702,0.569471326661574,1.26290792477688,19,RPS18|LRRTM4|GALK1|HHATL|SEZ6|NT5C|TFRC|TMSB10|DHRS1|RPS10
sleep_UP_wake_UP,0.165283471652835,0.556744325567443,0.0324253117366674,0.607610901316007,1.25117977135116,9,RPL7A|DYRK3|PRSS23
sleep_No_Change_wake_No Change,0.185581441855814,0.556744325567443,0.030225865148699,0.56192207442143,1.20072485734729,13,FAU|RPS18|RPS19|RPL17|GLRX
sleep_UP_wake_DOWN,0.658634136586341,0.987001299870013,0.0103864728761132,0.43487869957679,0.905202138438377,10,TFRC|RASSF3|EFNB3
sleep_No_Change_wake_UP,0.761023897610239,0.987001299870013,0.00808455344617883,0.393077742290318,0.847208221613566,14,SLC38A2|ZFY|LRATD1|CALB1|LFNG
sleep_DOWN_wake_DOWN,0.815618438156184,0.987001299870013,0.00685949619114682,0.371286209765287,0.836290525628925,23,SLC5A3|TENT5A|CEACAM1
sleep_DOWN_wake_No_Change,0.846015398460154,0.987001299870013,0.00615497122250382,0.362069833820732,0.821124257502589,25,RGS17|SLC5A3|PCDH8|ZFY|CEACAM1
sleep_No_Change_wake_DOWN,0.943105689431057,0.987001299870013,0.00354347546409719,0.31197822421233,0.691869376506318,19,GLRX|RASSF3|CD9|DHCR7|CALB1|MSMO1|P2RY12|LXN|HES5|KLF6|ID3
All_DE_sleep_wake_genes,0.987001299870013,0.987001299870013,0.00165563950708861,0.313145949936017,0.776649989142951,118,RPL7A|FAU|RGS17|RPS18|LRRTM4|SLC5A3|TENT5A|RPS19|DYRK3|GALK1|SLC38A2|HHATL|SEZ6|NT5C|TFRC|RPL17|GLRX|TMSB10|PCDH8|ZFY|DHRS1|RPS10|CEACAM1|RASSF3|EFNB3|CD9|ROM1|PRSS23|DHCR7|LRATD1|CALB1|TLCD1
