pathway,pval,padj,log2err,ES,NES,size,leadingEdge
sleep_UP_wake_No_Change,0.102189781021898,0.776622337766223,0.0427718921296353,0.581889761184547,1.26397444103719,16,RPS18|LRRTM4|GALK1|HHATL|SEZ6|NT5C|TMSB10|DHRS1|RPS10
sleep_UP_wake_UP,0.172582741725827,0.776622337766223,0.0315929510044104,0.594946089967936,1.23549389998955,10,RPL7A|DYRK3|PRSS23
sleep_No_Change_wake_No Change,0.354864513548645,0.986501349865014,0.0194530836505164,0.515827223195439,1.09143406791054,12,FAU|RPS18|RPL17|GLRX|ROM1
sleep_DOWN_wake_No_Change,0.496250374962504,0.986501349865014,0.014535919268984,0.447381737733463,1.0024721796286,22,RGS17|SLC5A3|PCDH8|ZFY|CEACAM1
sleep_DOWN_wake_DOWN,0.725827417258274,0.986501349865014,0.00886694400180629,0.399709647739677,0.887871099687597,20,SLC5A3|TENT5A|CEACAM1
sleep_No_Change_wake_UP,0.780521947805219,0.986501349865014,0.00765033722925698,0.387314449428689,0.831258688294303,14,SLC38A2|ZFY|LRATD1|CALB1|LFNG
sleep_No_Change_wake_DOWN,0.917308269173083,0.986501349865014,0.00433160556899066,0.326880323090551,0.714229040827282,17,GLRX|RASSF3|CD9|DHCR7|CALB1|MSMO1|P2RY12|LXN|HES5|KLF6|ID3
sleep_UP_wake_DOWN,0.925807419258074,0.986501349865014,0.00408409013646871,0.302582133898355,0.620650871472336,9,RASSF3|EFNB3|FNDC4|RASGEF1B|PAMR1
All_DE_sleep_wake_genes,0.986501349865014,0.986501349865014,0.0016876058225339,0.314090107884302,0.77461165190734,109,RPL7A|FAU|RGS17|RPS18|LRRTM4|SLC5A3|TENT5A|DYRK3|GALK1|SLC38A2|HHATL|SEZ6|NT5C|RPL17|GLRX|TMSB10|PCDH8|ZFY|DHRS1|RPS10|CEACAM1|RASSF3|EFNB3|CD9|ROM1|PRSS23|DHCR7|LRATD1|CALB1|TLCD1
