pathway,pval,padj,log2err,ES,NES,size,leadingEdge
sleep_No_Change_wake_No Change,0.00733985765124555,0.06605871886121,0.252643909566276,-0.659737540797942,-1.79299527299125,13,FAU|RPS19|RPS18|GLRX|RPL17|SOD2|IER5L|ROM1|SLC7A10
sleep_DOWN_wake_No_Change,0.0825311942959002,0.371390374331551,0.0655143420284748,0.443058434027204,1.39041137301036,25,ZFY|EGR1|RGS17|PCDH8|SLC5A3
sleep_UP_wake_UP,0.176242737249839,0.50128750559785,0.0483195582060627,-0.530018404759807,-1.29624420265052,9,RPL7A|PRSS23|CDKN1A|TNFRSF10B|DYRK3
sleep_No_Change_wake_DOWN,0.222794446932378,0.50128750559785,0.043413743815434,-0.392091584207306,-1.19101319503118,19,GLRX|DHCR7|MSMO1|CD9|CALB1|LXN|P2RY12
sleep_No_Change_wake_UP,0.284149013878744,0.511468224981739,0.0336146421505993,0.428780585234536,1.15176665097335,14,ZFY|SLC38A2|LRATD1
sleep_UP_wake_DOWN,0.445162481536189,0.557470193740686,0.0255994714082393,0.419516987740014,1.02002722035078,10,TFRC|EFNB3|RASSF3
sleep_UP_wake_No_Change,0.474530346820809,0.557470193740686,0.0241727768246263,0.33542141533437,0.981441281108761,19,TFRC|LRRTM4|DHRS1|ARRDC4|EPHA7|SEZ6
All_DE_sleep_wake_genes,0.495529061102832,0.557470193740686,0.02890376707745,-0.221448454018892,-0.985867089649581,118,RASGEF1B|RND3|FAU|RPL7A|NT5C|GALK1|RPS19|RPS18|FNDC4|FABP5|GLRX|DHCR7|MSMO1|RPL17|CD9|HSPH1|RPS10|PRSS23|CALB1|LXN|VASN|TMSB10|SOD2|SPRED3|LDLR|GADD45A|HHATL|P2RY12|IER5L|CDKN1A|RAB11A|ROM1|TNFRSF10B|SLC7A10|TLCD1|ELL2|CDC7|CRISPLD1|SERPINB1|DYRK3|SHC1|IL1RAP|COL4A1|SPAG1
sleep_DOWN_wake_DOWN,0.943067528735632,0.943067528735632,0.0137217705858817,0.206234343289383,0.633208041507342,23,SLC5A3|TENT5A|EPHA7|FOS
