Rank,Term name,P-value,Z-score,Combined score,Overlapping genes,Adjusted p-value,Old p-value,Old adjusted p-value,gene count
1,NPM1 human,0.15982812730309737,11.169491525423728,20.4810078943729,['RPL3'],0.7991406365154868,0,0,1
2,YY1 human,0.35359191626148284,2.7796610169491527,2.8897684202704257,['GBP1'],0.8691770142431154,0,0,1
3,TP53 human,0.5451029419808116,1.38135593220339,0.8381800059258862,['NME1'],0.8691770142431154,0,0,1
4,STAT3 human,0.7076485550116708,0.8435462842242504,0.29170480018681216,['NME1'],0.8691770142431154,0,0,1
5,SP1 human,0.8691770142431154,0.4915254237288136,0.0689160304173773,['RPS3A'],0.8691770142431154,0,0,1
