Rank,Term name,P-value,Z-score,Combined score,Overlapping genes,Adjusted p-value,Old p-value,Old adjusted p-value,gene count
1,E2F Targets,0.004601123901201019,24.31851851851852,130.86900526738853,"['MSH2', 'PSIP1']",0.027606743407206112,0,0,2
2,Pperoxisome,0.10330711390973141,10.285266457680251,23.34805923528763,['MSH2'],0.15115102358201482,0,0,1
3,UV Response Up,0.11631617643419702,9.02754820936639,19.422256637465612,['CYB5B'],0.15115102358201482,0,0,1
4,Xenobiotic Metabolism,0.12275562063707646,8.506493506493506,17.84287817212827,['COMT'],0.15115102358201482,0,0,1
5,Apical Junction,0.12595918631834568,8.267676767676768,17.128950756846283,['SGCE'],0.15115102358201482,0,0,1
6,mTORC1 Signaling,0.20558061250418747,4.762463343108505,7.533821948204552,['CYB5B'],0.20558061250418747,0,0,1
