first,second
o,4
S_OH,Float32[0.031065136 0.11953015; 0.03206845 0.19464356; 0.09258524 0.14300023; 3.4734294 -0.89387035]
L1_W,Float32[3.5310943 -0.6389917 3.037167 0.01700226; -1.151978 4.895768 0.89258915 -0.0009652601]
B_OH,Float32[-0.15118693 -0.35543567; 0.063804366 0.12429149; -0.14544034 0.53712136; -0.097841 -0.04897966]
L1_b,"Float32[1.4838749, 4.626427]"
B,"Float32[-0.18668582, -1.2833695, -0.5242617, -0.027416818]"
L2_W,Float32[0.5838655 -0.079231374; 0.012225669 0.7001825; 0.57603496 0.23032156; 0.04059605 0.0126805045]
L2_b,"Float32[-0.25703275, -0.9388815, -0.37594607, -0.05277371]"
