Rank,Term name,P-value,Z-score,Combined score,Overlapping genes,Adjusted p-value,Old p-value,Old adjusted p-value,gene count
1,MYB mouse,0.07829157269873237,inf,inf,['IGFBP5'],0.19377181548096784,0,0,1
2,KLF4 human,0.07829157269873237,inf,inf,['IFITM3'],0.19377181548096784,0,0,1
3,PAX3 mouse,0.07829157269873237,inf,inf,['ST8SIA2'],0.19377181548096784,0,0,1
4,PPARG mouse,0.15071141204075275,12.285714285714286,23.249343806143266,['SCNN1G'],0.19377181548096784,0,0,1
5,RUNX2 mouse,0.15071141204075275,12.285714285714286,23.249343806143266,['NR2F2'],0.19377181548096784,0,0,1
6,ETS1 mouse,0.15071141204075275,12.285714285714286,23.249343806143266,['NR2F2'],0.19377181548096784,0,0,1
7,MYBL2 mouse,0.15071141204075275,12.285714285714286,23.249343806143266,['IGFBP5'],0.19377181548096784,0,0,1
8,STAT3 mouse,0.21768031940053562,6.119047619047619,9.329881507716227,['IGFBP5'],0.21768031940053562,0,0,1
9,TFAP2A human,0.21768031940053562,6.119047619047619,9.329881507716227,['IGFBP5'],0.21768031940053562,0,0,1
