Rank,Term name,P-value,Z-score,Combined score,Overlapping genes,Adjusted p-value,Old p-value,Old adjusted p-value,gene count
1,Taste transduction,0.07829157269873237,inf,inf,['SCNN1G'],0.2260671180611291,0,0,1
2,Aldosterone-regulated sodium reabsorption,0.07829157269873237,inf,inf,['SCNN1G'],0.2260671180611291,0,0,1
3,Serotonergic synapse,0.15071141204075275,12.285714285714286,23.249343806143266,['HTR5A'],0.2260671180611291,0,0,1
4,Olfactory transduction,0.15071141204075275,12.285714285714286,23.249343806143266,['OR2L5'],0.2260671180611291,0,0,1
5,Calcium signaling pathway,0.21768031940053562,6.119047619047619,9.329881507716227,['HTR5A'],0.2612163832806427,0,0,1
6,Neuroactive ligand-receptor interaction,0.5990270626258866,1.1857142857142857,0.6076175097648521,['HTR5A'],0.5990270626258866,0,0,1
