Rank,Term name,P-value,Z-score,Combined score,Overlapping genes,Adjusted p-value,Old p-value,Old adjusted p-value,gene count
1,hsa-miR-181a-5p,0.0023224565825252183,69.76923076923077,423.1594393872107,"['ACAN', 'S100A1']",0.016257196077676526,0,0,2
2,hsa-miR-138-5p,0.021880231143985313,68.97872340425532,263.64852707192637,['S100A1'],0.07658080900394859,0,0,1
3,hsa-miR-132-3p,0.04343904008182588,33.873684210526314,106.24131141418181,['S100A1'],0.10135776019092706,0,0,1
4,hsa-miR-215-5p,0.12860320143771167,10.683219178082192,21.91153436923287,['KDM4D'],0.20144313605201394,0,0,1
5,hsa-miR-192-5p,0.16454520173363887,8.116094986807388,14.646061237735184,['KDM4D'],0.20144313605201394,0,0,1
6,hsa-miR-20a-5p,0.1726655451874405,7.684210526315789,13.496538304628018,['KDM4D'],0.20144313605201394,0,0,1
7,hsa-miR-26b-5p,0.2849326619881712,4.232608695652174,5.3140503771599805,['S100A1'],0.2849326619881712,0,0,1
