Rank,Term name,P-value,Z-score,Combined score,Overlapping genes,Adjusted p-value,Old p-value,Old adjusted p-value,gene count
1,AR,0.048334569793838544,30.306603773584907,91.81713662843835,['KDM4D'],0.09701809757268601,0,0,1
2,SMAD2,0.064678731715124,22.335664335664337,61.16226008896617,['S100A1'],0.09701809757268601,0,0,1
3,TP53,0.1091895384244163,12.774390243902438,28.291059125499995,['KDM4D'],0.1091895384244163,0,0,1
