Rank,Term name,P-value,Z-score,Combined score,Overlapping genes,Adjusted p-value,Old p-value,Old adjusted p-value,gene count
1,Sarcoplasmic Reticulum (GO:0016529),0.00961228421298201,162.775,756.0432225434255,['S100A1'],0.057673705277892055,0,0,1
2,Collagen-Containing Extracellular Matrix (GO:0062023),0.05719268878293622,25.416666666666668,72.72545068416915,['ACAN'],0.17082629518749493,0,0,1
3,Lysosome (GO:0005764),0.08819488992413821,16.076142131979694,39.03618888139731,['ACAN'],0.17082629518749493,0,0,1
4,Nucleus (GO:0005634),0.13942921446889325,6.526109660574413,12.857729699866441,"['KDM4D', 'S100A1']",0.17082629518749493,0,0,2
5,Intracellular Organelle Lumen (GO:0070013),0.1423552459895791,9.547692307692307,18.61255412217306,['ACAN'],0.17082629518749493,0,0,1
6,Intracellular Membrane-Bounded Organelle (GO:0043231),0.17547285631721218,5.502584721424468,9.575988136447815,"['KDM4D', 'S100A1']",0.17547285631721218,0,0,2
