Rank,Term name,P-value,Z-score,Combined score,Overlapping genes,Adjusted p-value,Old p-value,Old adjusted p-value,gene count
1,Endochondral Ossification with Skeletal Dysplasias WP4808,0.010068471064137061,155.0,712.7436942552534,['ACAN'],0.015102706596205592,0,0,1
2,Endochondral Ossification WP474,0.010068471064137061,155.0,712.7436942552534,['ACAN'],0.015102706596205592,0,0,1
3,Spinal Cord Injury WP2431,0.01961607493931949,77.25,303.70110569153843,['ACAN'],0.01961607493931949,0,0,1
