Rank,Term name,P-value,Z-score,Combined score,Overlapping genes,Adjusted p-value,Old p-value,Old adjusted p-value,gene count
1,SIRT1 human,0.00550029817560919,296.3636363636364,1541.9660633417711,['ACAN'],0.01100059635121838,0,0,1
2,SP1 human,0.06993906997139382,20.56774193548387,54.71288473367856,['ACAN'],0.06993906997139382,0,0,1
