Rank,Term name,P-value,Z-score,Combined score,Overlapping genes,Adjusted p-value,Old p-value,Old adjusted p-value,gene count
1,Oxidative Phosphorylation,4.4115386720798e-06,17.901960784313726,220.75421672600748,"['NDUFA5', 'UQCRQ', 'NDUFB2', 'COX7A2', 'UQCR11', 'UQCR10']",3.52923093766384e-05,0,0,6
2,Adipogenesis,1.617820903226351e-05,19.657282741738065,216.8561030641696,"['NDUFA5', 'UQCRQ', 'DDT', 'UQCR11', 'UQCR10']",6.471283612905404e-05,0,0,5
3,DNA Repair,0.032770775632032796,7.696172248803828,26.307195647801315,"['POLR2I', 'POLR2K']",0.08738873501875412,0,0,2
4,Reactive Oxygen Species Pathway,0.10804391485908114,9.391304347826088,20.897694927605556,['ATOX1'],0.2160878297181623,0,0,1
5,Complement,0.20779847057921588,4.521739130434782,7.10449575139931,['ATOX1'],0.2574530815168867,0,0,1
6,Myogenesis,0.21948856959734997,4.24505928853755,6.437441903631997,['COX7A1'],0.2574530815168867,0,0,1
7,Xenobiotic Metabolism,0.22527144632727586,4.118925831202046,6.139049610321625,['DDT'],0.2574530815168867,0,0,1
8,Myc Targets V1,0.37149444419696587,2.239130434782609,2.2172348067199295,['RPS10'],0.37149444419696587,0,0,1
