Rank,Term name,P-value,Z-score,Combined score,Overlapping genes,Adjusted p-value,Old p-value,Old adjusted p-value,gene count
1,Spermatogenesis,0.055151128575483994,21.433333333333334,62.106899961597975,['ARL4A'],0.18767408045281087,0,0,1
2,Allograft Rejection,0.12137868546524107,8.86574074074074,18.696428602150228,['RPL9'],0.18767408045281087,0,0,1
3,Apoptosis,0.14399900806157134,7.318007662835249,14.181924665410492,['PAK1'],0.18767408045281087,0,0,1
4,IL-2/STAT5 Signaling,0.1573182687567065,6.621527777777778,12.246411905896585,['ARL4A'],0.18767408045281087,0,0,1
5,p53 Pathway,0.17045071741661308,6.044444444444444,10.694490387435424,['GLS2'],0.18767408045281087,0,0,1
6,Adipogenesis,0.17910305169604185,5.711711711711712,9.822967137414421,['ARL4A'],0.18767408045281087,0,0,1
7,Interferon Gamma Response,0.18767408045281087,5.413105413105413,9.056387541042909,['ARL4A'],0.18767408045281087,0,0,1
