Rank,Term name,P-value,Z-score,Combined score,Overlapping genes,Adjusted p-value,Old p-value,Old adjusted p-value,gene count
1,Epithelial Mesenchymal Transition,0.012086319100177826,14.048295454545455,62.03279299175112,"['POSTN', 'SNTB1']",0.08460423370124479,0,0,2
2,Angiogenesis,0.025609149539516315,46.2962962962963,169.6669253455009,['POSTN'],0.0896320233883071,0,0,1
3,Apoptosis,0.13580036560227093,7.506060606060606,14.986370707809536,['HGF'],0.15374634010050459,0,0,1
4,Myogenesis,0.14031949666460175,7.239766081871345,14.217693986691108,['COX7A1'],0.15374634010050459,0,0,1
5,Apical Junction,0.14031949666460175,7.239766081871345,14.217693986691108,['JUP'],0.15374634010050459,0,0,1
6,Xenobiotic Metabolism,0.14481680506763323,6.991525423728813,13.50962493771916,['JUP'],0.15374634010050459,0,0,1
7,KRAS Signaling Up,0.15374634010050459,6.542328042328043,12.25018984188969,['JUP'],0.15374634010050459,0,0,1
