Rank,Term name,P-value,Z-score,Combined score,Overlapping genes,Adjusted p-value,Old p-value,Old adjusted p-value,gene count
1,Oxidative Phosphorylation,6.818622513410358e-06,16.314406779661017,194.07378620370443,"['NDUFA5', 'UQCRQ', 'NDUFB2', 'COX7A2', 'UQCR11', 'UQCR10']",5.454898010728286e-05,0,0,6
2,Adipogenesis,2.2757604384159336e-05,18.067226890756302,193.14969832786625,"['NDUFA5', 'UQCRQ', 'DDT', 'UQCR11', 'UQCR10']",9.103041753663735e-05,0,0,5
3,DNA Repair,0.0386074481851909,6.989177489177489,22.744950634842528,"['POLR2I', 'POLR2K']",0.10295319516050906,0,0,2
4,Reactive Oxygen Species Pathway,0.1160666810361024,8.673333333333334,18.678807545888304,['ATOX1'],0.2321333620722048,0,0,1
5,Complement,0.2284574710862706,4.044375,5.971136313636825,['ATOX1'],0.2820667989809068,0,0,1
6,Myogenesis,0.23154553715700385,3.9815384615384617,5.8249060421632715,['COX7A1'],0.2820667989809068,0,0,1
7,Xenobiotic Metabolism,0.24680844910829347,3.6942857142857144,5.168833084286242,['DDT'],0.2820667989809068,0,0,1
8,Myc Targets V1,0.39167569569873767,2.08520325203252,1.9545049819177163,['RPS10'],0.39167569569873767,0,0,1
