Rank,Term name,P-value,Z-score,Combined score,Overlapping genes,Adjusted p-value,Old p-value,Old adjusted p-value,gene count
1,Spermatogenesis,0.056180781643468944,20.96875,60.372817036292986,['ARL4A'],0.16398625543563727,0,0,1
2,Allograft Rejection,0.1015082477392755,10.880434782608695,24.89024826643311,['RPL9'],0.16398625543563727,0,0,1
3,Apoptosis,0.12540760605262263,8.60344827586207,17.862358847405094,['PAK1'],0.16398625543563727,0,0,1
4,IL-2/STAT5 Signaling,0.13714401137739257,7.78515625,15.466954642749114,['ARL4A'],0.16398625543563727,0,0,1
5,p53 Pathway,0.15257471129850958,6.90625,12.984446790536103,['GLS2'],0.16398625543563727,0,0,1
6,Adipogenesis,0.15257471129850958,6.90625,12.984446790536103,['ARL4A'],0.16398625543563727,0,0,1
7,Interferon Gamma Response,0.16398625543563727,6.365384615384615,11.508441374028278,['ARL4A'],0.16398625543563727,0,0,1
