Rank,Term name,P-value,Z-score,Combined score,Overlapping genes,Adjusted p-value,Old p-value,Old adjusted p-value,gene count
1,E2F Targets,0.03374427395312724,44.361702127659576,150.33934806449648,['NME1'],0.05146796005504374,0,0,1
2,Allograft Rejection,0.035133566292104415,42.53061224489796,142.41793589779692,['NME1'],0.05146796005504374,0,0,1
3,DNA Repair,0.03860097004128281,38.5462962962963,125.44806835248386,['NME1'],0.05146796005504374,0,0,1
4,Myc Targets V1,0.05649763115443498,25.85625,74.2993970159746,['NME1'],0.05649763115443498,0,0,1
