Rank,Term name,P-value,Z-score,Combined score,Overlapping genes,Adjusted p-value,Old p-value,Old adjusted p-value,gene count
1,Nucleus (GO:0005634),0.016450031850370552,inf,inf,"['MIS12', 'GTPBP4', 'NME1']",0.07783536710941033,0,0,3
2,Intracellular Membrane-Bounded Organelle (GO:0043231),0.025945122369803446,inf,inf,"['MIS12', 'GTPBP4', 'NME1']",0.07783536710941033,0,0,3
3,Nuclear Membrane (GO:0031965),0.04067741973187827,36.49122807017544,116.84790960570821,['GTPBP4'],0.08135483946375655,0,0,1
4,Nuclear Lumen (GO:0031981),0.13428725601454344,10.203045685279188,20.485410581110052,['GTPBP4'],0.16114470721745214,0,0,1
5,Nucleolus (GO:0005730),0.13428725601454344,10.203045685279188,20.485410581110052,['GTPBP4'],0.16114470721745214,0,0,1
6,Intracellular Non-Membrane-Bounded Organelle (GO:0043232),0.2113266977521709,6.0890625,9.464534372105382,['GTPBP4'],0.2113266977521709,0,0,1
