"Term.name","P.value","Z.score","Combined.score","Overlapping.genes","Adjusted.p.value","Old.p.value","Old.adjusted.p.value","gene.count","TF_NAME","FDR","cycling_in_CTL_BHQ","cycling_in_AD_BHQ","DR_AR1_BHQ","DR_AR1_mthd2_BHQ","DR_logAmpRatio","diff_mesor_BHQ","edgeR_DE_BHQ","cycling_PRTN_CTL_BHQ","cycling_PRTN_AD_BHQ","DR_PRTN_BHQ","DM_PRTN_BHQ"
"ERG",0.0141539457439238,110.473684210526,470.370637243458,"['NME1']",0.0397607733453825,0,0,1,"ERG",0.0397607733453825,NA,NA,NA,NA,NA,NA,NA,NA,NA,NA,NA
"GATA1",0.0148581180188923,104.925,441.651243324981,"['NME1']",0.0397607733453825,0,0,1,"GATA1",0.0397607733453825,NA,NA,NA,NA,NA,NA,NA,NA,NA,NA,NA
"ESR1",0.0148749627733352,25.8349834983498,108.715569632673,"['GTPBP4', 'NME1']",0.0397607733453825,0,0,2,"ESR1",0.0397607733453825,0.167948586731554,0.494487065348327,NA,NA,NA,0.498791826214212,0.619239794376691,NA,NA,NA,NA
"CBX3",0.01767145482017,87.3541666666667,352.544353188758,"['MIS12']",0.0397607733453825,0,0,1,"CBX3",0.0397607733453825,0.00383610773866151,0.244163604939053,0.877200830751635,0.881190228336906,-0.470329865462348,0.978758252982259,0.931666246256666,0.92831262920213,0.765226432005424,NA,0.962413552712965
"NANOG",0.0232820530734355,65.390625,245.873488830331,"['GTPBP4']",0.0419076955321838,0,0,1,"NANOG",0.0419076955321838,NA,NA,NA,NA,NA,NA,NA,NA,NA,NA,NA
"TRIM28",0.0413689046711458,35.8534482758621,114.201327580364,"['MIS12']",0.0620533570067186,0,0,1,"TRIM28",0.0620533570067186,0.696660180681473,0.123522544546884,NA,NA,NA,0.80804390143542,0.750195856483323,0.985998636590079,0.77054572582514,NA,0.965087265725938
"FOXP3",0.0496408239033037,29.6214285714286,88.95142369913,"['GTPBP4']",0.0638239164471047,0,0,1,"FOXP3",0.0638239164471047,NA,NA,NA,NA,NA,NA,NA,NA,NA,NA,NA
"ESR2",0.0673997922300038,21.4635416666667,57.8896046324319,"['GTPBP4']",0.0758247662587543,0,0,1,"ESR2",0.0758247662587543,NA,NA,NA,NA,NA,NA,NA,NA,NA,NA,NA
"TP53",0.123911794960101,11.1491712707182,23.2815355263766,"['GTPBP4']",0.123911794960101,0,0,1,"TP53",0.123911794960101,0.871793181187558,0.0733255632685745,0.536130095839811,NA,1.87394320821885,0.892673927449957,0.928649735537716,NA,NA,NA,NA
