Rank,Term name,P-value,Z-score,Combined score,Overlapping genes,Adjusted p-value,Old p-value,Old adjusted p-value,gene count
1,Ribosome biogenesis in eukaryotes,0.011333902155665867,140.06666666666666,627.4926233625589,['GTPBP4'],0.021687275640260767,0,0,1
2,Pyrimidine metabolism,0.012039416369767474,131.28125,580.2065840755286,['NME1'],0.021687275640260767,0,0,1
3,Drug metabolism,0.016265456730195575,95.3409090909091,392.6817119358444,['NME1'],0.021687275640260767,0,0,1
4,Purine metabolism,0.031657836141724134,47.42045454545455,163.7319026217953,['NME1'],0.031657836141724134,0,0,1
