Rank,Term name,P-value,Z-score,Combined score,Overlapping genes,Adjusted p-value,Old p-value,Old adjusted p-value,gene count
1,FOXF2 human,0.004871662906061323,436.26666666666665,2322.8233129362598,['PDGFA'],0.024275010698056657,0,0,1
2,KLF5 mouse,0.007299156171315201,218.1,1073.0512432976213,['PDGFA'],0.024275010698056657,0,0,1
3,NFIC mouse,0.009721100020891542,145.37777777777777,673.6016088242333,['PDGFA'],0.024275010698056657,0,0,1
4,HOXB7 human,0.012137505349028329,109.01666666666667,480.9221197582518,['PDGFA'],0.024275010698056657,0,0,1
5,FOXO1 human,0.02652026952521888,43.56666666666667,158.14028858215954,['PDGFA'],0.04243243124035021,0,0,1
6,WT1 human,0.04539208687711924,24.174074074074074,74.75632939839255,['PDGFA'],0.06052278250282565,0,0,1
7,NFKB1 human,0.19051218814261636,5.066666666666666,8.400731474001038,['CD74'],0.19450810554621795,0,0,1
8,RELA human,0.19450810554621795,4.948659003831418,8.102347554868818,['CD74'],0.19450810554621795,0,0,1
