Rank,Term name,P-value,Z-score,Combined score,Overlapping genes,Adjusted p-value,Old p-value,Old adjusted p-value,gene count
1,Allograft Rejection,0.0066311149958099645,18.93877551020408,94.9965630192453,"['CD74', 'NLRP3']",0.053048919966479716,0,0,2
2,Angiogenesis,0.035999469404695415,31.1,103.38420856912555,['PDGFA'],0.14399787761878166,0,0,1
3,Interferon Alpha Response,0.0662127185587736,16.093827160493827,43.692853115840876,['CD74'],0.16701447509736236,0,0,1
4,Spermatogenesis,0.08660704582893934,12.053703703703704,29.48786862348746,['NEFH'],0.16701447509736236,0,0,1
5,Inflammatory Response,0.10438404693585147,9.85,22.25783246002592,['NLRP3'],0.16701447509736236,0,0,1
6,Interferon Gamma Response,0.13471569244057655,7.45632183908046,14.94685852577326,['CD74'],0.17327188563824497,0,0,1
7,Apoptosis,0.15161289993346436,6.544444444444444,12.34560176220465,['NEFH'],0.17327188563824497,0,0,1
8,p53 Pathway,0.17841264277264074,5.456540084388186,9.405199113105844,['PDGFA'],0.17841264277264074,0,0,1
